static_x,static_y,static_z,moving_x,moving_y,moving_z,up_x,up_y,up_z,down_x,down_y,down_z,angleActual,actualAngle
-0.08077252861097083,-0.060738999310297956,0.29299916785750235,0.027251752214022547,0.05326633940131382,0.2805721517951507,-0.050117852400089195,-0.03408188340987834,0.3034648979267285,0.12509889910104643,0.02993420549113131,0.23282188378893037,,15
-0.0876491782097191,-0.04893546198154844,0.28967210440955327,0.02106558677105789,0.05885401041239114,0.29060839010417316,-0.05808446536008075,-0.02538658230956839,0.3035562118190472,0.11768665412287516,0.02952655280459399,0.24109111217322846,,15
-0.09003957657016232,-0.04958764265675711,0.29586510837632274,0.019390456408857205,0.05846589716040782,0.2855265462982772,-0.06034323227496918,-0.025082524408401623,0.30900976465303565,0.11419681810036053,0.03022940642753245,0.23694582185227786,,15
-0.09199086349524101,-0.04921753454009086,0.2984814836392078,0.017910906871737162,0.05992493376134138,0.28954637593680516,-0.05968404268260056,-0.023617994058434736,0.29972074857600367,0.11270955024983301,0.030849498508544647,0.23809381216305048,,15
-0.09192285669292508,-0.048977201441237496,0.2919523922511603,0.016683203856737407,0.059551028322286814,0.2948473061679793,-0.06399601552034084,-0.025483646689634466,0.31245187220869625,0.11263182026595094,0.03029362630225713,0.2416692806127049,,15
-0.09499283644149768,-0.05146211425338331,0.29651119399144305,0.015596660145316538,0.05770361256991204,0.2912421712329405,-0.06530246684955697,-0.02698428448357343,0.31178361148255185,0.11332051181566027,0.02939558847540285,0.24536340567977427,,15
-0.09561932738123148,-0.052033137923469766,0.29608108161760205,0.015010285386767845,0.05556621786082636,0.28468832577383274,-0.06507828764040106,-0.02742750044369722,0.30679390452995775,0.11376460177522008,0.028593920097645303,0.24740276176649295,,15
-0.09701666215966225,-0.053018827360374624,0.29951298875798094,0.015141954045237181,0.05568399525881214,0.28562215795641094,-0.06564669875471373,-0.027669435860532086,0.3095162385323175,0.10932110362012691,0.027060695057628734,0.23720980826975113,,15
-0.09754409318922785,-0.05285290911605912,0.30325112535487697,0.015278356739354692,0.05589661862449242,0.2806425136871259,-0.0661148616706676,-0.027385910489151715,0.31357589676866315,0.11005110714319793,0.028012456130629235,0.2372056667416821,,15
-0.09576650733997877,-0.05117691032501702,0.30053481965539974,0.01637521297941011,0.05719346380179444,0.28504119094529573,-0.06498368336919398,-0.026309719684032326,0.3120095766244966,0.10847108739716745,0.027958118264898014,0.231080676957801,,15
-0.09392242189088834,-0.05152110176398487,0.29772605525449203,0.016905603046392985,0.05592207441866413,0.28508355013061554,-0.0632524263304951,-0.026885460432000078,0.30768393568055974,0.11188309645818455,0.02777208282267351,0.23539799322014482,,15
-0.0947004511333664,-0.05414083247090299,0.3041079718980566,0.017594306364789872,0.055386734914391784,0.28774099442729933,-0.061702867555477124,-0.02824652253414992,0.30617041226249275,0.11081714261452923,0.02664618045257556,0.23077805630869883,,15
-0.09269026323480861,-0.05527046905760122,0.3011984308051433,0.017940754056964842,0.052374079118953996,0.27814276296790624,-0.06051770053191417,-0.02967487596528885,0.30456466076144517,0.11279173790683661,0.026045950309694144,0.23234520953435503,,15
-0.08994696067877263,-0.05855184634465512,0.29930622340304947,0.020086730748384025,0.05173610469785581,0.2879599363238868,-0.05913881192977715,-0.03347212754314458,0.3079702376025937,0.11197975701624585,0.02436703426678325,0.2251241275698273,,15
-0.08865031569753883,-0.06004654817081013,0.2990806299531039,0.020667849199153425,0.050857285587668735,0.2907435411415888,-0.05848533449015067,-0.03505532525950041,0.3093976951749066,0.11404131842551504,0.023192483151417944,0.2267554435731191,,15
-0.08731461594020039,-0.06052114067616513,0.2951510354110249,0.021065043230497228,0.04879458055843948,0.28437209242168854,-0.05825971061900838,-0.03651187363301216,0.3109248300114908,0.11438787426244444,0.022195391574468253,0.22519921949912697,,15
-0.09067906144617204,-0.06517747826254135,0.30935242553492465,0.021286527711895896,0.04688276260571423,0.2824522123955961,-0.05816355217660348,-0.03809370715349174,0.3120034367877571,0.1147112845258321,0.020882226986002946,0.2237842280490604,,15
-0.08935380995843287,-0.06595501327434927,0.3055625299199291,0.02169068882491204,0.04629435492444655,0.28267914166051555,-0.05742311545627375,-0.039519710266805036,0.31088902390418777,0.11294570281907404,0.019983636005755014,0.2192448675764909,,15
-0.08746204167398709,-0.06539044245455118,0.3003836532761509,0.021579802610659938,0.04612304169192489,0.28244673187405067,-0.05709337066719199,-0.039936673584229865,0.3109491375141254,0.1141361217928436,0.019897352019700342,0.21982299980032227,,15
-0.08879703802210999,-0.06709587500229042,0.3045563888341246,0.02170905967539433,0.04590519051536014,0.2830114828470622,-0.05592320790588311,-0.03968234498558129,0.30357615000911414,0.11219169099302895,0.019433614094036784,0.21557763409787709,,15
-0.08845598886552064,-0.06670843292078382,0.3011945592839118,0.02161747335616339,0.04587859906407436,0.2849975577804724,-0.057571879040434586,-0.04084186504543946,0.3105412926366518,0.11441254729403771,0.019242476798915706,0.21976832937908067,,15
-0.08851370731662339,-0.0662079897521035,0.2978954997760695,0.021564094091053428,0.045972016793319616,0.2886690885147512,-0.05732090081058094,-0.040147758856102084,0.3036386198763753,0.11264863213183096,0.018035733051146238,0.2166008825438742,,15
-0.09010280270584481,-0.06720539642401975,0.29838627393377737,0.02101439015030919,0.04436577793032201,0.2854891727049013,-0.05798231552696052,-0.04074939387510311,0.3016626465913687,0.1133598188535752,0.01660434317358253,0.21841050915826074,,15
-0.09066482893664181,-0.06719594501334344,0.2956639137976609,0.020443391118637286,0.04354075660421651,0.2840369981268154,-0.059925270454222926,-0.04223574994256372,0.30561923531384877,0.11261693713384294,0.015720800688892127,0.21764011245020395,,15
-0.09201873288106219,-0.06801511256718988,0.2945314082284002,0.02114008183759727,0.04186527842839599,0.2803404445035585,-0.0599966324352044,-0.04272046592992085,0.3010380779224803,0.11083621045681495,0.012964484441383328,0.21007591591125516,,15
-0.09227992425586405,-0.06924843074252078,0.2962388519897472,0.021580854292505256,0.040750475445293206,0.2769045612287825,-0.059352134788769224,-0.04322556844938381,0.29991606042999686,0.10829675843572831,0.011984905791801816,0.20278990066027372,,15
-0.09158495847317318,-0.06997061904706918,0.2967044584401029,0.02272151184464247,0.040790245425483436,0.2808227743258064,-0.057677567654537465,-0.043191090438062366,0.2952632653065525,0.11126282045287506,0.011772687375361317,0.2060012437013863,,15
-0.09063292670375818,-0.07056465841811269,0.29645566885114827,0.02342678974796547,0.03978036830086529,0.27910393003053535,-0.05653239505868505,-0.043927267866495444,0.2946987440616737,0.10980481239871749,0.01105280509544806,0.19980392062996155,,15
-0.07929991373163595,-0.06695773341377155,0.3038994254694857,0.02994804883613338,0.04386296121162813,0.2703006420621735,-0.04699356033154041,-0.04069211326851457,0.30166895669132704,0.11285801034363911,0.01569680785338395,0.18638321280042344,,15
-0.08128996488595629,-0.06784381576561345,0.3082093804042411,0.029559950418551695,0.044718541970102596,0.2737824625560388,-0.04870448097421544,-0.041031442492563464,0.30794814410697874,0.11424811023553744,0.016121241322569983,0.19131183525365672,,15
-0.07941958578540342,-0.06524151277312311,0.2997937964364443,0.0286751471206789,0.044967237789551286,0.27163671417726815,-0.04904266758166553,-0.04020381536771338,0.3053918105791385,0.11186797188440932,0.016534393568015462,0.18990744186249175,,15
-0.08137111155061232,-0.06519912084122113,0.3039864555543816,0.027975113102337676,0.046156461481698684,0.2743573198880775,-0.04970159774373697,-0.038862499729447976,0.3053986961445775,0.11561915221376035,0.01822089524980197,0.19924405087792005,,15
-0.08264507220419369,-0.06518255658307096,0.3070519782445182,0.027284168874490148,0.04630622959287407,0.27570403957227546,-0.05089641193278087,-0.03905359705425099,0.30824284839022503,0.114367023414647,0.01840035763177136,0.1998515005755448,,15
-0.08544461754336302,-0.06752623462034064,0.31442097194301244,0.026498338787878467,0.04552939030552661,0.27624454354773925,-0.0523952481921198,-0.04028739140963815,0.3124765792525193,0.11338757307104252,0.017867679076269943,0.20071404221754802,,15
-0.08586786820466408,-0.06898043904067674,0.31270921712695865,0.025184529117648548,0.043220644745536094,0.2729289547194165,-0.053428537278124896,-0.04221596924472668,0.31436214834918336,0.11225199205230024,0.016694717574819017,0.20134699859504768,,15
-0.08337225744791435,-0.06667278230826451,0.2990082400927608,0.024747087332082918,0.044724933100266935,0.28103619477542574,-0.052091921705876565,-0.040634930085654046,0.3006333431793118,0.11397693409781898,0.017121040318389007,0.20799042198755915,,15
-0.10258776976284542,-0.07338520063518744,0.28728191181025864,0.010589707434559505,0.03336892814588621,0.28653303250862183,-0.07255690447853803,-0.04988983723764506,0.3050424327948052,0.1072207455349127,0.005654177928709608,0.23688824973199907,,15
-0.10276204169944224,-0.07501280148101132,0.2843896063378161,0.01000740409166055,0.03154543892508937,0.28739599681403377,-0.07379814205189716,-0.05249862710053017,0.3056558219460086,0.11157035530013731,0.004103162744814223,0.2486975552758015,,15
-0.10205785639400239,-0.07662630234888426,0.28064863146633984,0.009570711481179668,0.029912365222882185,0.28894658771617876,-0.07310892948816845,-0.05401928786322528,0.30027323631575875,0.10889914507522742,0.0024493743771939074,0.2438926764590518,,15
-0.10581790596898585,-0.08101371183086455,0.2896422993414605,0.009576270530258939,0.028638519024164505,0.2917090442073455,-0.07201509149210258,-0.05509667746973724,0.29502354372513984,0.11147886844888988,0.0011423944925552578,0.25007819205417264,,15
-0.10509006778428784,-0.08772873224386185,0.28379367730385685,0.009673203323836315,0.02066153478730763,0.2927159069962979,-0.07271364998770947,-0.06295072249448229,0.2944231585923836,0.11337927048875948,-0.006751156020378609,0.25387021065288956,,15
-0.10509006778428784,-0.08772873224386185,0.28379367730385685,0.009673203323836315,0.02066153478730763,0.2927159069962979,-0.07271364998770947,-0.06295072249448229,0.2944231585923836,0.11337927048875948,-0.006751156020378609,0.25387021065288956,,15
-0.10340583828977654,-0.08768390850026986,0.27899980336806685,0.009733761313299614,0.019198087342687672,0.29231967827312816,-0.07178598124635951,-0.06352587521973427,0.2907326792013237,0.11061452611872084,-0.007752852031844462,0.24713958839123007,,15
-0.10172383253027813,-0.09406595360496113,0.2660653130044608,0.007846296677955859,0.010016037874134945,0.29374834757818485,-0.07378633280796063,-0.073151117720316,0.28924999180694266,0.11074334008314465,-0.016093065851812118,0.25153134379997893,,15
-0.10034097236487363,-0.09426054670960303,0.25835439820128164,0.0068852680971758715,0.007754409717533991,0.29164792097134673,-0.07524914348226151,-0.07631497961188147,0.2911923074975715,0.10996032447510294,-0.01848070557076771,0.25149550646687086,,15
-0.10398780938165013,-0.09903637042199816,0.26412797822559436,0.006175451323043163,0.0053239593165146995,0.2944864146023289,-0.07564103367817977,-0.07834919657704828,0.28800279613341573,0.1109129323324018,-0.020633637265467086,0.2554262030029826,,15
-0.10519902371003721,-0.10127923055855688,0.264488398743512,0.00586164436181978,0.003850091453340241,0.2925421734764798,-0.07519214640967573,-0.07873326192289219,0.2825272522596375,0.10720553837480189,-0.021687117792248196,0.2481024187189093,,15
-0.10308116249884053,-0.10010024379758653,0.2593641425108739,0.006184719221393381,0.0033519568983593987,0.2905858794594767,-0.0748396082161353,-0.07934453789639313,0.2819879979966437,0.10383075877857732,-0.021794245708424302,0.23944431549800244,,15
-0.09868689328480534,-0.1017138641354785,0.27143599750847436,0.012634846847950715,0.0034048864425785834,0.2875421142983588,-0.06746891499466434,-0.07809799030959741,0.28383930680501623,0.10742130919330303,-0.02137873783368698,0.23062393452557198,,15
-0.09671805451310878,-0.0999323977624837,0.26729318697056187,0.012949015405758105,0.002461066153900796,0.2970843007930206,-0.06746230996072629,-0.0784394866449553,0.2845147794773518,0.11253733560631556,-0.023580082172555045,0.24154199826899564,,15
-0.10163727243617232,-0.11274147061670953,0.25012088948265665,0.006545381956234884,-0.011219055680336598,0.2942421639461581,-0.07273425692976976,-0.09153945395479021,0.27127094880358765,0.1065460699251393,-0.03515842169087683,0.24430528291539266,,15
-0.10014940913383098,-0.11258409602305573,0.24912272265070937,0.007421853918366638,-0.011068581126274395,0.2979361216979328,-0.07260406555591525,-0.09281717359985699,0.27463223178353513,0.10873385137030094,-0.03565530769941282,0.24753419169406116,,15
-0.09824651140087462,-0.11095597753892951,0.24857983897609287,0.007903758413655843,-0.009877977439224146,0.29136432041769145,-0.07208456091519037,-0.09218181410105242,0.27688305567736826,0.11716026608692584,-0.03694080843759505,0.26457396528632793,,15
-0.09824651140087462,-0.11095597753892951,0.24857983897609287,0.007903758413655843,-0.009877977439224146,0.29136432041769145,-0.07208456091519037,-0.09218181410105242,0.27688305567736826,0.11716026608692584,-0.03694080843759505,0.26457396528632793,,15
-0.09926922170468852,-0.11130498782265945,0.25173069843344625,0.0074927460722487675,-0.009324998552278902,0.2942931309618397,-0.07181157569895398,-0.09111523580725245,0.2760963833219846,0.10595500954391808,-0.03300083483112836,0.24029430050596756,,15
-0.10159714042531072,-0.1129483734181931,0.254882605991708,0.006360843757618398,-0.009064411066853165,0.29783838795538986,-0.07145091754724112,-0.08981433357829895,0.27130580179882485,0.10638639263346217,-0.03287301229424302,0.24405074219393014,,15
-0.10008974328062863,-0.10974031679700776,0.247610411376372,0.00478215901294266,-0.007793523923865506,0.2881361114107563,-0.07226675673691567,-0.08878739626580161,0.2691650327833868,0.10549772097309358,-0.031460662845011624,0.24539724765658263,,15
-0.09939153535138423,-0.10780121642699234,0.24261760407390726,0.0031698268358155528,-0.0072582839950000085,0.28430478445585805,-0.07376858545624149,-0.08878073542045123,0.2700125094447759,0.10466272147351227,-0.03067958966395692,0.2480006996537289,,15
-0.1023738055031562,-0.10984128301412882,0.245141803404297,0.0016595376155668035,-0.006564723709480146,0.28238710764482944,-0.07677137667980036,-0.0911498617102221,0.2754314328821483,0.10378300665469274,-0.030290567766497776,0.250198545869197,,15
-0.10612940580073038,-0.1090313208863805,0.24476699185879375,-0.0009351661527921742,-0.004221863677918138,0.2761953265192232,-0.07982592375462809,-0.08935866828238391,0.27390654799453057,0.10114169901273282,-0.028015288640669548,0.25200097764187335,,15
-0.1105963731253784,-0.08854505164053546,0.23658725412151688,-0.008398440738029882,0.01205357727924562,0.2821312109470522,-0.08717611868657497,-0.07056329931101339,0.27043119284552014,0.0934662087656059,-0.01379960892207003,0.256354252451527,,15
-0.17219240256988552,-0.10109263195012312,0.20223457818857282,-0.06357581051251256,0.01623052356397869,0.2517933476879394,-0.11081184500081068,-0.057370813374281356,0.17505132057814715,0.04169071817367195,-0.0010346093231453758,0.29826512149564155,,15
-0.17504246081153693,-0.10278574388594676,0.20311531007067107,-0.06469958452609793,0.01618484107640832,0.25203492400275307,-0.11167104525758524,-0.05737146355492458,0.17377120409913602,0.04072909391055028,-0.001051021795256843,0.30094863918366754,,15
-0.1777255417938649,-0.10400051989488397,0.2041644288930355,-0.06605654123661167,0.016248184139014667,0.252677714579608,-0.11002888343523003,-0.05662959820552278,0.1689975254186,0.039219693693311984,-0.001033986692043301,0.298148749448365,,15
-0.17734070352958226,-0.10351489761983121,0.20245111610599104,-0.07152415920780687,0.017120787105035794,0.2695203911311761,-0.11153410305706274,-0.05711155847592712,0.16941056929004208,0.03924834701312334,-0.0008017197966206731,0.3060448913262769,,15
-0.17901817861058314,-0.104415495087731,0.20301470952917305,-0.06578774043184622,0.015793371288283904,0.24502683632426045,-0.11400303767419909,-0.058222919384336526,0.17206699392117222,0.037939829802262175,-0.0004776812291765976,0.302340463760034,,15
-0.17921076426397764,-0.10468978366346218,0.20291261761806595,-0.06725842130804514,0.015685623072511264,0.24874155733806047,-0.11168009624540788,-0.057177352234956826,0.1676792047114604,0.03817917343405517,-0.000470671348037988,0.306137808965618,,15
-0.18070624652555586,-0.10608818317676524,0.20476980950853824,-0.06719259799362169,0.015677599771470603,0.24865447656271003,-0.11461828494642104,-0.05904345299674271,0.17210222711622247,0.036804190925807855,-0.000543310076187287,0.29699894172001357,,15
-0.18012857474851546,-0.10744069258755487,0.2049464896144408,-0.06773529231814124,0.014798698154767918,0.25250549061700633,-0.11001238819170836,-0.057869010323868826,0.1661841090139062,0.03724011052843329,-0.0011835634484863857,0.29658216680630445,,15
-0.17858446684461632,-0.1070712362157195,0.20421276114239834,-0.06642289860061402,0.01460251954628044,0.24942971275269746,-0.10893119062063937,-0.0576143770132184,0.16554385932435184,0.03881493262042745,-0.0012204514939781496,0.30526459918892845,,15
-0.17858446684461632,-0.1070712362157195,0.20421276114239834,-0.06642289860061402,0.01460251954628044,0.24942971275269746,-0.10893119062063937,-0.0576143770132184,0.16554385932435184,0.03881493262042745,-0.0012204514939781496,0.30526459918892845,,15
-0.17604924883173573,-0.10597175488796842,0.2020507561694187,-0.0659227246836462,0.014322215709332214,0.24947376021829878,-0.11277068251031885,-0.05981770898538715,0.17232142041037757,0.038951251702943036,-0.0015448869474208712,0.30311585104161953,,15
-0.17714803651203379,-0.10680465273195446,0.20401788212391342,-0.06557654481054365,0.013982322666179261,0.24969810653907976,-0.11139560819282407,-0.059411519867672784,0.1710059327039718,0.039276584990315985,-0.0019333248797673733,0.30104208440301017,,15
-0.17656279252724522,-0.10693215595089484,0.20390427979300188,-0.06958281548447548,0.014690761887611883,0.2674066719722661,-0.1119137055136197,-0.06012345723298632,0.17255507783833057,0.04007811603866375,-0.002533750770355404,0.30411872948267693,,15
-0.17754605026059617,-0.10817553802736561,0.2057709072708826,-0.06965289449658699,0.014321969177492498,0.2697658065286891,-0.11300263200871725,-0.061154444560514394,0.17525896820546777,0.040253889479362294,-0.0029088734436349805,0.30093589870872944,,15
-0.17499139712748818,-0.1069722304492759,0.20340380448484438,-0.0631465688837246,0.012814787975545293,0.24623825236980643,-0.11332840167051382,-0.061481081367113166,0.1761102605885141,0.040375236203581015,-0.003227482148096808,0.30004007825034507,,15
-0.17538339875656545,-0.10738138038664474,0.20459685907933917,-0.06359520141378452,0.01304840602747114,0.2508543058358726,-0.11012980045252445,-0.05991979951231322,0.17249269986416474,0.04187983165916796,-0.003242268448513256,0.3054629608432247,,15
-0.17074653584475058,-0.10493177083442173,0.20084693981902058,-0.062339206027913256,0.01305819598175644,0.24993572393065122,-0.10938961087556254,-0.05977237907975607,0.17279283527591316,0.04290633456728305,-0.0034434460861971087,0.3052463701705734,,15
-0.16914197630756692,-0.10411474922519177,0.20002548660363434,-0.06160285119248573,0.013136195171693498,0.25155080992139617,-0.10961192858423836,-0.060244202935359384,0.174992087263955,0.04324216516870166,-0.0034843902203724165,0.2999384292250619,,15
-0.16629631830535008,-0.10285132768574155,0.19915167730058936,-0.06074774991729432,0.013177050110781009,0.2540838689941743,-0.10839174915759353,-0.05997147196533712,0.17554446636694593,0.04467017872560904,-0.003817657310439919,0.3001224715446033,,15
-0.16557638743936176,-0.10294607491839003,0.20056804763953057,-0.05876230939545833,0.012961031494127957,0.2529468056988166,-0.10826903946936241,-0.06040823843560671,0.17853008479024027,0.045918740163419326,-0.004024704566671527,0.2974232263210667,,15
-0.11915781851530667,-0.08465845693338649,0.20049298815251992,-0.0325905602087739,0.01578248683083017,0.2746067357854856,-0.09615785509812476,-0.0637555398393193,0.2272953021445123,0.0737261983736727,-0.0032228048355453357,0.27550938730039015,,15
-0.11783520977973956,-0.08406753252121608,0.20182972215316183,-0.030879044874501358,0.016149107172688613,0.27345337059248703,-0.09619537271573891,-0.06432065301029245,0.23088703620240583,0.07621654852815897,-0.0030945148150930157,0.27835823556543954,,15
-0.11737256642660711,-0.08408164889510793,0.20486307020801864,-0.030708655538914945,0.017183470498540403,0.2843576724178583,-0.09631104904758303,-0.06465075388905175,0.2356519328454422,0.07818608885408207,-0.0029624974729346525,0.28010139204171,,15
-0.11656969677682544,-0.08422860658216168,0.2060661134472777,-0.03046636107940144,0.017538319104071907,0.290696979057029,-0.0973324617879278,-0.06580761469577441,0.24145027459066734,0.07656660996003727,-0.0029523587416739666,0.2708713254213358,,15
-0.11803364275047462,-0.08523227358482363,0.21002125461782792,-0.029010284411551842,0.01725442274544112,0.2829950824080451,-0.09583362108293018,-0.06508792916184854,0.2395994273530051,0.07907046520453902,-0.003172595843030718,0.27795270921464227,,15
-0.11813864062465616,-0.08506242507123338,0.21134246880818697,-0.028117530834896206,0.016934167191370062,0.2764797584345445,-0.09754454331178061,-0.06585785500654794,0.24484354284198934,0.07970461554112664,-0.002798990137562181,0.2792406023652513,,15
-0.12046389017701928,-0.0862286890238641,0.21532578153242585,-0.02865097281552831,0.017590258490582933,0.27874176074067025,-0.0967121353728182,-0.06473784972632057,0.24229708284285675,0.08197375277193895,-0.002694338117848002,0.2889159080927144,,15
-0.11870437651907356,-0.08441451793496768,0.21204644716158785,-0.029725216748151168,0.018446175342972694,0.2866621879183619,-0.09614403714059308,-0.06364150844809176,0.24036116646237193,0.07877210022607296,-0.0025556060762792817,0.2780736207074679,,15
-0.11903279645184874,-0.08387250542922339,0.21167715821860358,-0.029710196027035746,0.018424175902479273,0.28601969363182345,-0.09678955929780565,-0.06361832488193447,0.24104496262680566,0.0787650600123263,-0.0025663283934708914,0.2786017666298041,,15
-0.11987364983206121,-0.08464923753847113,0.21294654697215287,-0.02988067131702676,0.018285439484227273,0.28604605425054275,-0.09627279199169758,-0.06340326550280989,0.23925144601493117,0.0784339536204109,-0.002712092292103103,0.2785949287077578,,15
-0.1186844939010595,-0.08352243954877431,0.21024962852751056,-0.029612745580774997,0.0178602973814168,0.2828288304432286,-0.09627279199169758,-0.06340326550280989,0.23925144601493117,0.07809514007275124,-0.0028664358240366,0.2785696995136154,,15
-0.12019854658756485,-0.08451538652323064,0.2124368700013162,-0.029943768143185296,0.017612636305836,0.2853434567035388,-0.0972717879378816,-0.0640330978845977,0.24065980429461648,0.07848418338419919,-0.0032726649948617076,0.2799749530857092,,15
-0.11943097429710597,-0.08462276166595564,0.21137630543968552,-0.029943768143185296,0.017612636305836,0.2853434567035388,-0.09651983918137325,-0.06380108059624183,0.23894711865777613,0.0796287284303633,-0.0033999446001300635,0.2846471217746614,,15
-0.1205383589077055,-0.08553989517509819,0.21327546228636457,-0.02955363955064274,0.017437292584817216,0.2823066559264725,-0.09747410527364814,-0.064615560420343,0.2421308557288551,0.07951804128966178,-0.0033841195776448596,0.28423604415082593,,15
-0.11810624121064085,-0.08320727177590831,0.2095248854846232,-0.029790485777348632,0.018034991062794985,0.28466427230581004,-0.09514522758172109,-0.06259531679226824,0.23648681333229726,0.07950921041750346,-0.003068616059646606,0.28420737238273275,,15
-0.11783557102646483,-0.08230301983349723,0.20963760027795084,-0.02987938110237501,0.018884200540856787,0.28874197883837066,-0.09612197769901776,-0.06277975538842578,0.23986226505526148,0.0781271879560482,-0.002411649340904896,0.2786938194636404,,15
-0.1206589648169337,-0.08419407455316319,0.2166097237540132,-0.02868452134708292,0.019268749544656863,0.28510682376403673,-0.09770557627553882,-0.0636085184105921,0.24563921600841787,0.07908647633960754,-0.0018686541870108595,0.2794145753925418,,15
-0.11876990936113381,-0.08228847462917063,0.21658559210220285,-0.026140073418578737,0.019314496307700175,0.2736161107338891,-0.09479344212006482,-0.06132209240193021,0.2425386238480918,0.07909299369604028,-0.0013225090567405065,0.2742848598648461,,15
-0.11337518560370453,-0.08067368117282461,0.23198312485642197,-0.017720249152268986,0.0223614199444354,0.2883743689038405,-0.08822032622408578,-0.05949228302091534,0.2550561871696483,0.08793640499100906,-0.00010167528455817138,0.27081704001508833,,15
-0.1129101132520248,-0.08124362244386424,0.23529424093012807,-0.016193602426285817,0.02242215281118308,0.2894308694078856,-0.09000760434665965,-0.06120089605328453,0.26572465303228304,0.08804267543624274,-0.0002503678412593274,0.2650682965682261,,15
-0.11019918322599447,-0.08167907640074844,0.24429441784313932,-0.011643028068648894,0.023429624113636457,0.29470121596285875,-0.08461726260632114,-0.06023623141714231,0.2677197163849404,0.09112045616323715,0.0001117604828949969,0.2585271290818311,,15
-0.11089281923818033,-0.08308317933783012,0.2501469713620482,-0.010038587678970232,0.023381363402393496,0.2943520609213395,-0.08501546796530836,-0.0611216369324423,0.2739308110560963,0.092355088318944,0.0002562819310976402,0.25741341051079464,,15
-0.11131973787531912,-0.08382734687408029,0.25500682781483364,-0.008811348083871321,0.023339387728060858,0.2900898686126527,-0.08336437237723418,-0.060397610153803793,0.2736564992148727,0.09435733873967732,0.00026224725329638355,0.2595400241037399,,15
-0.10866383379389094,-0.08176840027633672,0.2522918870159552,-0.00791623779764462,0.024182352061869163,0.2945021244994492,-0.08341458847161418,-0.06054288893917836,0.27762011791006835,0.09359009078671729,0.000609586408795458,0.2543090219518348,,15
-0.10925319754864213,-0.08237344394909167,0.25637478520300216,-0.0065349046407914895,0.024376556955726398,0.2959645222582895,-0.08494665457552038,-0.061852494898887944,0.286270047554345,0.09619854088015767,0.0004780503265973176,0.2573467393971968,,15
-0.10951941225753772,-0.08295814285090328,0.2608629560734824,-0.005115333091409233,0.024341764556493145,0.29276759770632854,-0.07960271354225101,-0.05843102257084934,0.27294260576141416,0.09737174694183011,0.0002559776543083505,0.2563048362195009,,15
-0.10716584165703191,-0.08159096729731138,0.2595800756896985,-0.0034794200576163314,0.02455671128747415,0.29441273708891225,-0.0801336389878999,-0.05935832829096548,0.28042342866284603,0.09937697230262794,0.0001885342352232271,0.25697326398335946,,15
-0.10786193382490097,-0.08327736568358765,0.26551641422784217,-0.0019466662564642735,0.02398128728612559,0.2887592778227876,-0.08039032509009521,-0.060726959121249015,0.28735706052574184,0.09794076612000162,-4.315544414552886e-05,0.24884156650118797,,15
-0.10559352022307693,-0.08244128965940507,0.2642697930404953,-0.0003307123778959404,0.024396523768534684,0.29824444749909423,-0.07731292626433374,-0.05948220108755976,0.2824009391920269,0.10074982738259217,-0.0005397397926386119,0.2515675146988039,,15
-0.10436077106207632,-0.08284498933345563,0.26621884950298075,0.0015694630323200918,0.023738519556678654,0.29235051716439536,-0.07600063279903953,-0.05992971241885368,0.2839235558871457,0.10262966697342105,-0.0007525934140742512,0.25053011075669473,,15
-0.1043347561226555,-0.08460179024356766,0.27169302403770607,0.0031855312601260927,0.023084731049644484,0.29016555017135054,-0.07444734145639625,-0.06033130297716233,0.285080113444332,0.10282020396864065,-0.001232353197822383,0.2461454632100756,,15
-0.10077507275249223,-0.08280302122711528,0.26769968245096265,0.005242528384583269,0.023618980908059077,0.2960042844449708,-0.07264224983785002,-0.06043004633485999,0.2860074124604695,0.10345733816310285,-0.0018683472844236908,0.24234005571938289,,15
-0.10203217375730385,-0.08555047730291834,0.2769502925694153,0.007185208910115682,0.0227612821838709,0.29505096673242065,-0.07213427911263558,-0.0615762197226978,0.29146845832127716,0.10159555071737711,-0.0022185036347525454,0.23295043360516643,,15
-0.10239238490365635,-0.08772682767794183,0.28342533456731855,0.008941819571985777,0.02167440589767554,0.28777499481960406,-0.06928638174928856,-0.06131991871141817,0.2880932495818159,0.10682385187251425,-0.003254128521893676,0.23946650126153518,,15
-0.09985823069259026,-0.08790235406254047,0.28330968754629865,0.011113561931308484,0.02174678110922672,0.2998092166207542,-0.0678318092050045,-0.06252830063610408,0.2908389675502603,0.10591810038990647,-0.003866902547055755,0.23304283366980502,,15
-0.09984622078552398,-0.08985101627568808,0.28763305423107566,0.012301045629269574,0.020305547554094885,0.2916726541384357,-0.06754576521051305,-0.06403537459876676,0.29585149602892735,0.10867481603936269,-0.004867319898105907,0.23491428040197307,,15
-0.09685243595030109,-0.08834419614285208,0.28233212724704043,0.013015998501767405,0.01948818069041527,0.28789827106875404,-0.06820193947975871,-0.0660654010570698,0.3025139138223382,0.10880773600271039,-0.0054476826770762325,0.2327192789021119,,15
-0.09605548062985637,-0.0990729720002114,0.2883602397584704,0.015670125859518803,0.011467191397197405,0.2871996319576459,-0.06435354403557064,-0.07388757330828996,0.2997776546953789,0.11154707892165576,-0.011981028348115083,0.23053735527847363,,15
-0.09359526319958353,-0.09923973887055479,0.2806787404946478,0.015665164202895536,0.010007151994096382,0.2932812290661739,-0.0633698577453077,-0.07509288410669011,0.29383903472158973,0.11240178064942442,-0.013465403608778832,0.2327632940403162,,15
-0.09659979884490559,-0.10259521108729243,0.2865871053237316,0.014759229603037482,0.009622499359547345,0.2941591675161186,-0.06390056448054501,-0.07558346778356008,0.29246150770985646,0.1081808136137039,-0.013610738082085008,0.22619898367686644,,15
-0.09651578859328887,-0.10082663278608119,0.28205492451577246,0.01359413284876125,0.009624646286919697,0.2916470452339673,-0.06489293364264108,-0.07503593409741585,0.29146889899823486,0.10586188864411963,-0.013347998654302933,0.22422008072267544,,15
-0.10260590997907444,-0.10223336568445181,0.2817318146825582,0.009555768705763905,0.008239950543305228,0.2979023303078862,-0.06939603801970146,-0.07534370605769461,0.2881951883878722,0.10762886961967945,-0.016284853322408425,0.24076675151844673,,15
-0.09844998878340006,-0.09828787038292253,0.2668379246347254,0.007971817104411685,0.006326301066473208,0.2909709849397404,-0.06945443359501596,-0.07568751444878152,0.28473720539877856,0.10601887742439157,-0.01705905691732111,0.24051999919453035,,15
-0.09964178975708458,-0.099880284014764,0.2644668164276257,0.006679775368866049,0.005044410585279981,0.2980771426746829,-0.07324752667886845,-0.07986482294349406,0.2910472873991624,0.10317460067545853,-0.018239478281931724,0.2378080571539466,,15
-0.10267744535731062,-0.10571550322636986,0.26148812947893696,0.003981672123404564,-0.0004898563804098177,0.29865264069613007,-0.07427840867346253,-0.08382909210593067,0.2823736747805214,0.1032608411576762,-0.023641903864372184,0.2469195904303861,,15
-0.10269084956744531,-0.10652648889128287,0.2615122149359482,0.0033989409884876507,-0.0014255843392552811,0.29599653364692147,-0.07493806262600713,-0.08497709245735753,0.2838631779609504,0.10536645773994854,-0.024370308114686094,0.25403844676696336,,15
-0.10211714426288292,-0.10709716084230825,0.25824209836006046,0.0023807847624082944,-0.002411196618029949,0.2986690584020735,-0.07655370385214925,-0.08797969635035119,0.28746602116845843,0.10389937842290811,-0.025029510794865362,0.25368636669066685,,15
-0.10103307455522824,-0.10570821164300505,0.2548164456306924,0.002010144187891427,-0.002271572312740952,0.3010857444981976,-0.07565773389431148,-0.08625378070596246,0.2832468150039358,0.10310226500559226,-0.024679237330195468,0.25425212038358597,,15
-0.1046474261554066,-0.1100240231141282,0.26507985999054456,0.0017423647628311222,-0.0030733481107210747,0.29223424249412794,-0.07547306917239131,-0.08671161921793405,0.2832903521395172,0.10587082069442791,-0.02570954109656766,0.2616949227483394,,15
-0.10039828116380312,-0.11072969696709692,0.2757227977725879,0.007534090702516404,-0.0031779558046156468,0.3028881170295624,-0.07094452463506827,-0.0869697260344421,0.2924721022737537,0.10616716854076375,-0.025510383778005623,0.24908865484257586,,15
-0.1012572576884039,-0.10948913977518135,0.2777457398673296,0.007678514107936348,-0.0030359507950828263,0.3049950133588279,-0.07247749275074729,-0.08748686019266493,0.29789903736849865,0.11067802462448707,-0.027540056130127576,0.25980389007356974,,15
-0.10243115876468674,-0.10944979339261282,0.27943845745871065,0.00771236622985753,-0.004280572241281123,0.30932370114326047,-0.07125699264050463,-0.08547439370971009,0.2915301932679651,0.1087279995940092,-0.028818879760015233,0.25648266436719624,,15
-0.10621172927066384,-0.11291154727547574,0.28925228296310246,0.00784598184376829,-0.00470601932366048,0.30430975519917863,-0.07300647010223033,-0.0869080385471805,0.2976564875174365,0.10709765029452846,-0.02964504133058941,0.2527160788779318,,15
-0.10906550437270879,-0.11517661768634029,0.24143269318655758,-0.011836600622214024,-0.007804350974919704,0.29205428666305666,-0.0822227107413324,-0.09186014993375607,0.26405226479001187,0.09614902078390715,-0.027826190199200813,0.28265919338489937,,15
-0.10933576654062223,-0.09466301326809368,0.2668312312891652,-0.0064950321367041415,0.015863866131970748,0.29935144747546283,-0.07860450289489841,-0.06815420961822073,0.27671949520070155,0.10058848864700999,-0.005288515792972608,0.2785776534242435,,15
-0.10487027776009386,-0.0904215909896483,0.26271116471935724,-0.005727789752732586,0.018153229760325656,0.29709456583781907,-0.08012214317534408,-0.06856859223366117,0.28920603361145886,0.10172173530675117,-0.001494973045801929,0.2785778350879821,,15
-0.10443134244941471,-0.09027748281511644,0.2635518656470902,-0.005659270207181359,0.01913254205554099,0.2970842068658139,-0.0799400066577782,-0.0686318646744923,0.2909886078343298,0.10012690847928682,-0.0004776604226033852,0.27375455124813675,,15
-0.10827275482781717,-0.09097348702136579,0.273081738372228,-0.006806249320845867,0.02234278508443549,0.2980983148751002,-0.08067620793896434,-0.06620976217650469,0.2916183097693615,0.0998374580535076,0.003111265206802943,0.2751425040518724,,15
-0.10661563680209529,-0.08803908300585193,0.26635642101580626,-0.007597980667883633,0.022526769960002992,0.29199410292634254,-0.08107960175574955,-0.06482814601733486,0.28977777795231446,0.10022494546470097,0.003961009522247943,0.27986872154796927,,15
-0.10877183988353968,-0.08845367599655637,0.26939280784682157,-0.007955227102462875,0.023465296581376745,0.2909732708673381,-0.08203498286884883,-0.06410263153786236,0.29019723326629715,0.09703151003242262,0.004613195707705592,0.27234132280509804,,15
-0.10710617713735102,-0.08616284609011718,0.26396593689762815,-0.008389821329295518,0.024619747246638606,0.2943566461456631,-0.08142050253964864,-0.06262908401582573,0.2860229436309579,0.09689096619741185,0.0053776432318516304,0.27239725660288555,,15
-0.11063359427731095,-0.08746083077228096,0.2716916022465681,-0.00840145563566884,0.02579431925654105,0.29251709334836196,-0.08290891657742157,-0.06239258479330309,0.290913568412276,0.09632838917642708,0.0064985664632070264,0.27077405632727763,,15
-0.11229388674903802,-0.0872637732020372,0.2757646578655942,-0.008580793089833887,0.02790237868016128,0.2982390206985579,-0.08235112123369964,-0.06021851118855596,0.2886495967397438,0.09658724430862194,0.007815414156365441,0.2712514743489757,,15
-0.11229388674903802,-0.0872637732020372,0.2757646578655942,-0.008580793089833887,0.02790237868016128,0.2982390206985579,-0.08235112123369964,-0.06021851118855596,0.2886495967397438,0.09658724430862194,0.007815414156365441,0.2712514743489757,,15
-0.10717837622851127,-0.081197985679507,0.26186142079774655,-0.008274045785225939,0.029137359812968024,0.2960297498603117,-0.08317271133160371,-0.05902625086208575,0.29014190090704467,0.09691927591810692,0.008532449283740804,0.27218045084723586,,15
-0.11135765487157546,-0.0820309635932456,0.2708216445973096,-0.008254037467328553,0.030451654420898564,0.29783530165162314,-0.08369826329023089,-0.05758384328680651,0.29044454624631805,0.09741617039883614,0.009023268734647006,0.27282102031490857,,15
-0.11264402596191095,-0.07816564985194556,0.270998749917167,-0.007411744667702356,0.03268505350259123,0.2989294129214862,-0.08336490660312072,-0.05323406877507346,0.2863090985520641,0.09521599265935093,0.008535874953407328,0.2650130825490276,,15
-0.11385556239380148,-0.07711675100314744,0.27336430092161107,-0.0064240640840958025,0.03251200148313716,0.2963021012562928,-0.08206160060909545,-0.05125579708713106,0.2817697117727359,0.09730682088524963,0.007948645645754563,0.2675521847763845,,15
-0.11102720629875369,-0.0744621629953032,0.26744567337197195,-0.004727540924787946,0.031136606374390852,0.2847089135522068,-0.0844225140882597,-0.05226888613245869,0.2917701651480843,0.09606363773831882,0.006541887606348471,0.26006777512957907,,15
-0.08544876178760513,-0.07309664096804395,0.3209554249017848,0.030959287975551076,0.03548339666709148,0.27383238627403994,-0.049300099059591866,-0.0451953262741279,0.3094548393206056,0.11308681439642136,0.006246803523716857,0.19876121220715065,,15
-0.08182947438111465,-0.06977357682946528,0.31329571307980614,0.03325656814590012,0.03737537769554716,0.2806524795532422,-0.0483780082952591,-0.04460212781538416,0.3128434555871596,0.11929671330959014,0.007137131724935195,0.20557851266134425,,15
-0.08034798424710722,-0.06877220061673527,0.3132675917987379,0.03444633502929337,0.037960056089625493,0.2796532605710151,-0.04739634676494613,-0.04359649115704499,0.31379864048978845,0.11899417421229627,0.0073630577460070575,0.20263888009095052,,15
-0.08034798424710722,-0.06877220061673527,0.3132675917987379,0.03444633502929337,0.037960056089625493,0.2796532605710151,-0.04739634676494613,-0.04359649115704499,0.31379864048978845,0.11899417421229627,0.0073630577460070575,0.20263888009095052,,15
-0.07959966061442554,-0.06868992287744843,0.3135607155695285,0.035566297520019635,0.037432048178429114,0.27779694692174656,-0.048485794621543385,-0.04588706301614057,0.32940274270078296,0.12176911187186831,0.007186670301487217,0.20366256337111843,,15
-0.07716405409449771,-0.06810243427029479,0.30992919061921076,0.03652712583866918,0.03704592073699463,0.276150755676012,-0.04470755692731601,-0.04382787938816792,0.3113433381782427,0.11595598631479338,0.006332587580679198,0.19102320769703085,,15
-0.07717917887283032,-0.06943803058561952,0.31418136660389884,0.03724596895560489,0.035908096504288396,0.2691839921708295,-0.04293215659740529,-0.043737819148929685,0.30841652643763084,0.1177449010974963,0.006284221789643451,0.19040367038512981,,15
-0.07428816609456655,-0.0685363739132559,0.31045104277892244,0.03934785267672056,0.03702125776454435,0.2755454332957873,-0.04190832129362342,-0.04425821074415552,0.31230876883541303,0.11935610140599688,0.006348203255351431,0.1895929360485731,,15
-0.06965647000534515,-0.06915335770118851,0.3157763458027771,0.04408687055945796,0.037118368670950974,0.2711177421513137,-0.03651202884748306,-0.04397664651145485,0.3133857590494291,0.11993808268719518,0.006263883579698275,0.17914020552917104,,15
-0.06917855991840519,-0.06973828240374842,0.3200015965159652,0.04550145232230967,0.03749465021050764,0.27258613814669524,-0.03535239271399364,-0.044057392820634075,0.31479159429510944,0.12027707699684623,0.006375818118686737,0.17665293834742124,,15
-0.06701732353499829,-0.06834137420661596,0.31327923254037765,0.04656035569115118,0.037388190647841435,0.27262965080996676,-0.03430076372671525,-0.04393825609718369,0.3127253523036265,0.12194435782125432,0.0060097991807731245,0.1768774274021885,,15
-0.06672933162969528,-0.06900551625232709,0.31526234479074844,0.04718477348123696,0.037132530786037135,0.27224046259478746,-0.034334053145324575,-0.044898715915730227,0.31854876379637853,0.1207595267051478,0.0056287830043610385,0.1735350759944439,,15
-0.06645151826652125,-0.06917837757931748,0.31614524958213996,0.04713645276105247,0.03667664081407038,0.2694175043331574,-0.03325930314655717,-0.044233807712139396,0.312562009244818,0.12316486625995927,0.005667112817658263,0.17605753284594997,,15
-0.06645151826652125,-0.06917837757931748,0.31614524958213996,0.04713645276105247,0.03667664081407038,0.2694175043331574,-0.03325930314655717,-0.044233807712139396,0.312562009244818,0.12316486625995927,0.005667112817658263,0.17605753284594997,,15
-0.06628658896013245,-0.06964659465709225,0.3169292355604316,0.04758754641147072,0.03650447009790313,0.26977568136261815,-0.03294770821714158,-0.04430152447113457,0.31241995680555484,0.12152372584515231,0.005457859162444014,0.17287115700747735,,15
-0.06603913462774032,-0.07088746433356216,0.3160068550609506,0.04800008805296762,0.035493946505731566,0.2705254717499784,-0.0319953296747956,-0.04472467492865922,0.30585224556932566,0.12220512734467429,0.004680058468448126,0.17288254434336575,,15
-0.06450696016988515,-0.07133078391840135,0.3127355782004084,0.04855568370010085,0.034386652211253275,0.26948604982186514,-0.031573379489990776,-0.046242684709475665,0.30816695481220124,0.12355282022741625,0.00403020710922345,0.17331016334006097,,15
-0.06256637146271793,-0.0712808293897754,0.30836044323142814,0.048968738100696144,0.03339993733704897,0.2669624073339685,-0.030574275329845198,-0.047383226957638865,0.30894247424197,0.12375081854571121,0.003554667732755507,0.1716818367885539,,15
-0.06189366028063605,-0.07334621211048262,0.31092707332813263,0.05068279935712002,0.03323977720087435,0.2715439536473136,-0.02920639852654249,-0.04851455274776596,0.30801540849227577,0.12358738274587668,0.0030177281269151623,0.1693522065055391,,15
-0.06102676824662005,-0.0749815037926405,0.3122164098102014,0.05085355402187311,0.032039426463744095,0.2668221023151374,-0.028285771187349346,-0.04963026107306667,0.3087167233973484,0.12493323093959481,0.002689690754077052,0.16877360805658226,,15
-0.0598512193550535,-0.07555902941051079,0.31247592498616295,0.05200135950617311,0.03176666793019878,0.2683473302701617,-0.027815880484881702,-0.05139399221157713,0.3149280342874207,0.12225141739704846,0.0024441426127833612,0.163567355834768,,15
-0.057864475849042786,-0.07619641895234776,0.31133109789684993,0.05262769799971454,0.03122639358607476,0.26531767081145713,-0.02609849641563374,-0.05207093645946418,0.31490760535219064,0.12254419671460322,0.002312508163097238,0.16114592450565915,,15
-0.05820385767822548,-0.07628011213747073,0.31320326675619875,0.052764921157835556,0.03169996096916075,0.2668053732334542,-0.02572802373474433,-0.050962265202149505,0.3112099228913779,0.12386073469630601,0.0025573271002546976,0.16298219460615598,,15
-0.057759070547119234,-0.0748086655314269,0.3085308702644793,0.051937469064238864,0.03147166974540836,0.2644758726064612,-0.026507487065153938,-0.051200004107513866,0.3127037096953424,0.12354433421074815,0.0027210176742917275,0.1632892723300859,,15
-0.057759070547119234,-0.0748086655314269,0.3085308702644793,0.051937469064238864,0.03147166974540836,0.2644758726064612,-0.026507487065153938,-0.051200004107513866,0.3127037096953424,0.12354433421074815,0.0027210176742917275,0.1632892723300859,,15
-0.059893507753932165,-0.07684934930990968,0.31594109539453824,0.05122472557753026,0.03130729448070394,0.26508354926628647,-0.027306997049309494,-0.051711006869204774,0.31562063026765846,0.1227983674531733,0.002555156244066203,0.1634537818168273,,15
-0.05981322342801229,-0.07594283072167449,0.30836488896845266,0.05077876422294475,0.031306732314241026,0.26833893691314475,-0.028426000996771315,-0.05198185157506685,0.31417406853079577,0.12246650123193822,0.002190709992728198,0.16502959915765983,,15
-0.06085482545420413,-0.07543453991833944,0.30593727643293517,0.048452656302820994,0.030656691167357693,0.26318329664453033,-0.029162682287851023,-0.05101486767743805,0.307654696720608,0.1235209299677641,0.0021764526321294162,0.16839729740428785,,15
-0.06355231036225455,-0.07605312219765131,0.3085206054592215,0.046589953771723196,0.0302508666145775,0.26059096071368065,-0.031053194208095915,-0.05144193492073511,0.3084945672977467,0.12239206859283779,0.0021880532954355026,0.17026694612099605,,15
-0.0652524525064639,-0.07648392860943964,0.3084331196045421,0.04600977878484871,0.03124939462421399,0.2674384106144343,-0.03270121079361528,-0.05091348920236995,0.3056787183796359,0.12067467001422992,0.002345976135155626,0.170542657641172,,15
-0.07521393595011532,-0.07577426981236673,0.29843934071230593,0.03640682095509868,0.031421959615665074,0.26949903558099747,-0.043762506577467615,-0.05161055443753433,0.3054547630619946,0.11623405407556635,0.002971888426409742,0.18333855178641104,,15
-0.07521393595011532,-0.07577426981236673,0.29843934071230593,0.03640682095509868,0.031421959615665074,0.26949903558099747,-0.043762506577467615,-0.05161055443753433,0.3054547630619946,0.11623405407556635,0.002971888426409742,0.18333855178641104,,15
-0.07797189227132569,-0.07744832858568822,0.30207530521898884,0.03417186292469307,0.030909991125781567,0.2663844197492315,-0.045034223174071464,-0.05170953045254723,0.3023269092473489,0.11601979467405574,0.0029545422457114474,0.18665604204761937,,15
-0.0804411267558948,-0.07866412399112968,0.3043005456549879,0.03339595885727013,0.031126578374128935,0.2719030055520951,-0.045923981480571786,-0.051378636631142206,0.29720695431083227,0.11360492249025894,0.0030466073419324552,0.18618861221706892,,15
-0.07830638383419405,-0.07505535708059077,0.2889088382272173,0.03142570930122006,0.030933014550825765,0.2703976693298604,-0.04760845185713902,-0.051489472394744516,0.2966169197820865,0.11620495359473502,0.003321486591794801,0.19422347798055903,,15
-0.08172354504649759,-0.07649754469422301,0.29428796794910006,0.02943307071826254,0.0310014519493905,0.2689826666184225,-0.04868471712762713,-0.05049110421071368,0.2927153947441919,0.11387911629759859,0.003597752506616884,0.1936498808418,,15
-0.0829033268190058,-0.07581075916369065,0.2914991422643593,0.02887344475830204,0.03204494272438798,0.276383573438436,-0.05115334783207047,-0.05112965895518807,0.2969494761594985,0.11282052892784818,0.003652455341322909,0.19614354283565527,,15
-0.08394597289971634,-0.07516827882278207,0.288576738896821,0.02708862116346787,0.03176052224253145,0.27670557864613166,-0.052271599581399895,-0.05080195480687053,0.2942731337468492,0.11627081458104367,0.0038900850846058654,0.20559136012185927,,15
-0.08560856001354294,-0.07572898938873665,0.28864154089195126,0.02536970570837552,0.0317028056635081,0.2751430838080227,-0.054210509640304105,-0.051092057465270034,0.29521366581989467,0.11344212531393988,0.004089598174498966,0.20414793968634354,,15
-0.08678805167366695,-0.0756979327084966,0.2871249804745406,0.023722203152859646,0.031426626493779315,0.2734916115996745,-0.055898814994748955,-0.05152770424979662,0.29669196217499555,0.11391063677201564,0.004557566112961781,0.20926178007307025,,15
-0.09031022089436223,-0.0780559868458689,0.2932013707474479,0.02163472952834386,0.03154645623235088,0.27529452495290546,-0.05639106621380967,-0.05109115589113021,0.29038229080478856,0.10822220614315102,0.004645133020593843,0.20341766043468698,,15
-0.12262214980590856,-0.06786190649144141,0.2017439798156442,-0.03445783452916125,0.03210998682405966,0.2723420020755916,-0.0986935914979736,-0.04686881013036613,0.2256531817647052,0.07249041719366585,0.00984168182367818,0.2834773291274528,,15
-0.12414087712355824,-0.06817225410921474,0.20104001988959566,-0.03561083249396519,0.03161325878979519,0.26816038110740764,-0.1020360907498605,-0.04774622859340974,0.22952027155556778,0.07059960707599651,0.010033201156216889,0.28249275917882993,,15
-0.12199272822338714,-0.06636920579616999,0.19407372726773553,-0.036883301611873975,0.03181207594228245,0.2675531372233495,-0.10178257397987256,-0.04739859488043295,0.22501222135391433,0.07116611283135355,0.010760822833463959,0.29213330173508384,,15
-0.1248451159483002,-0.0675594556058942,0.19635193356869898,-0.04011721848087975,0.03366222156100019,0.2821643991045814,-0.10288662223301549,-0.04748392003293969,0.22462822191456824,0.0678929124671892,0.010498287288630457,0.2831117014032669,,15
-0.12417352059050528,-0.06689525654480512,0.19280850270815975,-0.03914553775223672,0.03172593240481296,0.2673803163820569,-0.10285993442268125,-0.04727971985537311,0.22191388710550175,0.0683029152995049,0.010739458284226655,0.28938460011141803,,15
-0.12460995660570427,-0.06696291563412772,0.1912586834890172,-0.04058767421779646,0.03179858737316846,0.26909309121561376,-0.10633095922236628,-0.04874277236239788,0.22630679450338148,0.06659408356632615,0.010641883792201169,0.28741470063064434,,15
-0.12458202873423699,-0.0670330146734716,0.18866871296291532,-0.041418182439469556,0.03153407652151528,0.2667348133997881,-0.10393830528941171,-0.0471678098130581,0.21839518684132345,0.06496172278153277,0.010566230578868593,0.2857050651905903,,15
-0.12427365944280419,-0.06604231700614556,0.1856072618330846,-0.041810873229688954,0.03133215624243923,0.26213744587463755,-0.10549832320376358,-0.04757899737406939,0.21853444453822218,0.06484644101750377,0.011111034670153896,0.2918044121284756,,15
-0.12493892407551838,-0.0658594720235317,0.18355029613346144,-0.04338910752045693,0.031328993729977356,0.26182245138822846,-0.10582515483806555,-0.047149112635771616,0.21556587428919682,0.06158894011884428,0.011045918919637125,0.28442409932127216,,15
-0.16278491565131054,-0.08665411224764655,0.19539576199979589,-0.05965594637122219,0.024810633209776688,0.24942453581320817,-0.10877450228887425,-0.04920783049273504,0.17850654438714253,0.044349751603206096,0.007597329274726358,0.29836243905661824,,15
-0.16610543981678264,-0.08879367756537504,0.19752487816854894,-0.06246128936611668,0.025160304915490893,0.25647039630432034,-0.10817190414859706,-0.048848117830696335,0.1750552922770728,0.044250993309617855,0.007568002009164297,0.3068457797758619,,15
-0.16449542047946053,-0.08806915948891961,0.19404198738267853,-0.0628015349320915,0.02419073361198503,0.2540005389063939,-0.11074233160291086,-0.050609446185372796,0.17752156826564114,0.04257192917882057,0.007008122814827814,0.30085388547081077,,15
-0.1706310635820768,-0.09236899268608324,0.20030042688764665,-0.06347962607468804,0.02360177110369957,0.25548874269569294,-0.11118675530459919,-0.05120747257634077,0.17719472031028663,0.04225501033663965,0.006300818363597843,0.3021946645177441,,15
-0.1668645605006855,-0.09124478513425525,0.19595653935129478,-0.061741528482481,0.02266455080172827,0.25067117545348666,-0.10873157763663643,-0.0509910169876488,0.17346079709006879,0.04278798840739121,0.005848767762086286,0.30427136163061436,,15
-0.1633459348119109,-0.09010765838361684,0.1933005064160569,-0.06114524928103325,0.022519615128447825,0.25150877428314317,-0.10873502062207424,-0.05132722163619396,0.1755229667854492,0.04327328153796169,0.0056748928182929655,0.30299259997391526,,15
-0.16072930222649398,-0.08920808265254042,0.1926914741732701,-0.060155887204445806,0.021924259636650477,0.25206589718906913,-0.10974361934186057,-0.05274302163357961,0.17956635178788838,0.044798548543350414,0.005467218113522773,0.3048567232101472,,15
-0.1350870168802907,-0.08064642742983583,0.18179864772767904,-0.053585326293943275,0.021471799033627063,0.26952906570562585,-0.10642799281313721,-0.055499697788461026,0.19794733239693058,0.05472441767257721,0.004200847337010656,0.30841724693408246,,15
-0.135902950454578,-0.08241465866287995,0.1859010373535615,-0.0520560386597456,0.020286087731056904,0.26742603505203316,-0.10413064017278277,-0.05555498794785644,0.19700501025745235,0.05572155480049903,0.0035297153886882926,0.3082177819121633,,15
-0.13094695275785678,-0.08009735114550019,0.1818122809462258,-0.05076825540993345,0.01978078207139404,0.2678238075871435,-0.10692892923225132,-0.057937835945002195,0.20543772974716867,0.05710456309339703,0.003295089616927539,0.31015319188273927,,15
-0.13070536313188286,-0.0808744368178277,0.18426192938470679,-0.049257518762744826,0.01917863591666656,0.2661269287867935,-0.10654051068318585,-0.058692404357081326,0.20868377475764452,0.058577898007857516,0.0028629317477038307,0.31311253366967723,,15
-0.1280164427184432,-0.08054041093856545,0.18369037149710604,-0.05052338431044794,0.019260230523629535,0.27999905082333026,-0.10460396010286535,-0.059111368218922065,0.20846938847248536,0.058865705514595565,0.001960396898268571,0.3089038564995719,,15
-0.1301617432336313,-0.08349900181495275,0.18951031937232796,-0.04874502898035604,0.018347606567299734,0.2758936250502639,-0.10459692975113162,-0.060056579690952884,0.21141246235877276,0.05993922520920731,0.0013757952398644206,0.3098488098544278,,15
-0.12860416683869033,-0.08325283951438314,0.18906755502689473,-0.04792327182513781,0.017120634840484105,0.27625673526888683,-0.10474777259936892,-0.06122528356615725,0.21401257581201974,0.0598266593165302,0.0005175184168529625,0.30703011961631005,,15
-0.12681587298760924,-0.08309142367003891,0.18818358711418676,-0.04761124029192528,0.01633848547006511,0.27936184188382196,-0.10608232576192382,-0.06307979033408866,0.21893935447892496,0.06049004630618191,-0.0009664583267985978,0.3081905065910727,,15
-0.132396223891987,-0.08839982901752341,0.19780994165440063,-0.04672466059874504,0.014889801232624603,0.2778863215564349,-0.10586203426236969,-0.06407082420511705,0.21980204567493952,0.06206819392880493,-0.002295576373162861,0.31402815397229406,,15
-0.12839648747313145,-0.08719636225125725,0.19278867917458734,-0.04900270964382879,0.014036509788586083,0.293063853390191,-0.10635931496341046,-0.06588061927016754,0.22169291757911297,0.06121720522346203,-0.0037467804687434,0.30963313769023093,,15
-0.13014887928907562,-0.08954341233375278,0.19576498364519984,-0.04635394604295782,0.01205343452879181,0.2809461798458251,-0.10575918135718287,-0.06713619658519367,0.22163275872908364,0.060629678451371787,-0.005218288287254133,0.3057064254107439,,15
-0.13094508272927838,-0.09177788721272007,0.19773558973843705,-0.04594525890382404,0.010212556988158114,0.28092332781422086,-0.10490517028752432,-0.06773601370380355,0.2202349898391419,0.06093460715749426,-0.007055715938052195,0.3063771108571439,,15
-0.12854461892368566,-0.09219120430377976,0.19430621580727042,-0.0450078254783363,0.00865229656113901,0.2794984804988986,-0.10245854674045528,-0.06826019449203496,0.21595299416477762,0.0628798549301354,-0.009055719796932107,0.31439853587350575,,15
-0.12699295219492074,-0.09274682745219674,0.1927033688409061,-0.04585573728357629,0.0072273781308778845,0.2897787710600825,-0.10498380844167032,-0.07195325095125932,0.22310544305219238,0.06375806729090562,-0.010674115468794,0.3161245452037117,,15
-0.12751151731504795,-0.09480631837779484,0.19483580019755814,-0.04474864363919898,0.006030458032576754,0.2882041897351293,-0.10198839224774758,-0.07105540478682731,0.2182136093206456,0.06403230073518365,-0.011878220089603585,0.31310171540176984,,15
-0.1263198197464209,-0.09526773393837303,0.1947354959818918,-0.04327878432546366,0.005227803390174354,0.28696579278710166,-0.10036379015535975,-0.07166569918239468,0.21756528164219574,0.06658229677205077,-0.01297600338353254,0.3189415299180471,,15
-0.12464291863272908,-0.09575303216824174,0.19470991617947878,-0.04412269172398774,0.004429741139238276,0.30066623572474616,-0.09956766459905673,-0.07220863570672349,0.21846646235941677,0.06665552071676728,-0.013864360849260519,0.3129231317690343,,15
-0.12152117956119508,-0.09441276274437842,0.19183045045445232,-0.04075847351783339,0.0036455058189826316,0.2884882778120624,-0.0992300014469134,-0.07357300110280235,0.22128735197327337,0.06928993730353,-0.015051404724336682,0.31795206813334725,,15
-0.11864172034769271,-0.09257227550377702,0.18962602936366055,-0.03869270116689174,0.003249475873552111,0.2879266277523915,-0.098404391756044,-0.07381349263737477,0.2225116995240132,0.06857713169008121,-0.015246744313455629,0.30744521740385816,,15
-0.11004160980728159,-0.08416568268321756,0.203297667569711,-0.02641904267852229,0.011399376108294022,0.29822988728179867,-0.09366926726779594,-0.06882719004109518,0.24681442910319604,0.08092815750418776,-0.010283078802387938,0.29960650782782516,,15
-0.11347445128102843,-0.08546233141991823,0.2129726305769806,-0.02572688346165194,0.013609961319416289,0.30365943083055785,-0.09320648154037063,-0.06681473522068461,0.24850623322213183,0.08134332206481185,-0.008685381294801082,0.2953733293940699,,15
-0.11600866213822443,-0.08564316651197729,0.21984641071415342,-0.025010971046072316,0.01532189737613463,0.30159912510162384,-0.09457897074317617,-0.06658339393820657,0.2544073462985338,0.0850826478891688,-0.007627082420332833,0.3057304790298189,,15
-0.11457986070164951,-0.08316889687058737,0.2180210645458559,-0.024763557778725614,0.016252971165734,0.3006069088619004,-0.09389025437036347,-0.06499462028589187,0.25351874984715234,0.08368302758960057,-0.006557580216978427,0.29974313927174834,,15
-0.11833540343637185,-0.08481663843847438,0.2244415163641775,-0.024921825323815153,0.016772025087128623,0.2968387723263563,-0.09682922475658468,-0.06591770685489692,0.2605037386501598,0.08314102350103224,-0.005954651456133801,0.29817253070781374,,15
-0.11618444014715958,-0.08242373120597618,0.21883078876855563,-0.025150407169047182,0.016829467890034977,0.2921551072100935,-0.0932092409410623,-0.06261696539715017,0.24863984115272025,0.0827812257403364,-0.005544255226209805,0.2988974110485563,,15
-0.11396316343462719,-0.0801964646351837,0.21274208957995314,-0.02609112769439191,0.01684030159904112,0.2923663919465266,-0.09452563032779276,-0.06278289812712877,0.24928813263316837,0.08262775295665475,-0.005595800973886692,0.30111305465068783,,15
-0.11805059213750244,-0.0832792720226559,0.21794814010071334,-0.02766152613368141,0.016810782843369766,0.3018661084977853,-0.09628617871677538,-0.06420438058967438,0.25088119783606383,0.08215041386917442,-0.006157155056564618,0.30129992335649053,,15
-0.11695268207155769,-0.0833936083539143,0.2143617826806123,-0.027703663304000637,0.015405858285968911,0.2934139153954821,-0.0952000110440612,-0.06403842906556756,0.24611324165304865,0.0814767668890826,-0.006398626113388236,0.300767706939749,,15
-0.11635702172772824,-0.08360939998864063,0.2121671193035695,-0.02786493175177687,0.01519273335204141,0.29058111456253544,-0.09751524130596259,-0.06651684118644277,0.2506963672236901,0.07929479598139959,-0.006279464726656203,0.2946783512998671,,15
-0.118565408626131,-0.08624439916265696,0.21604364574179696,-0.028856758655329526,0.014317313905487544,0.29489643473369637,-0.09569789467385026,-0.06581423949052868,0.24500499800109674,0.07903146472834606,-0.006598123878724744,0.2946033110337411,,15
-0.11921149956064597,-0.090154202131379,0.2134608344481473,-0.030467432694136685,0.010831234106965635,0.2988958125653877,-0.09717721994622697,-0.07005065930796413,0.2447802833546431,0.07990529903469398,-0.009951858292880027,0.3000913838972312,,15
-0.11725376376519904,-0.09014764917931047,0.20820009903052938,-0.030622139661691958,0.008852798590231782,0.29363316490778646,-0.09576087949528686,-0.07064047761556447,0.23946375097190417,0.079133775423455,-0.011537664332455882,0.29844261385563164,,15
-0.1194072599784492,-0.0924178958943,0.20980232041063665,-0.0311197405047761,0.0073621881030176365,0.29249919449279943,-0.09603676739220199,-0.07181182863297794,0.2376829794099834,0.07851506570991035,-0.012864127379583833,0.29870953444778375,,15
-0.12260872382323505,-0.10454475089753563,0.21007568194188017,-0.031819835878338254,-0.0016505813324786543,0.2861132642608429,-0.09664527449527731,-0.08180623107872513,0.2349402832330932,0.07939431477153025,-0.020719667243766157,0.3047852957902602,,15
-0.12905245116081568,-0.09685006077124515,0.20050423734531625,-0.03860691088094845,0.006385175206210016,0.27794302064853177,-0.10093378565694262,-0.07244973357300699,0.22156045719372502,0.06969591315827756,-0.013919211634070115,0.2988305848844101,,15
-0.12612292095466154,-0.092595689513984,0.19605343385825594,-0.03956190937900152,0.008041112521546084,0.2835746212365701,-0.10346642893410185,-0.07203447656225655,0.22661064449802712,0.06857022966082564,-0.012343327044178978,0.294786335653762,,15
-0.12597620855703434,-0.09068390451684093,0.19554525533247913,-0.03855611578446972,0.009566648524814926,0.2770122988339747,-0.10144483018416849,-0.0689445039680997,0.22212300091090018,0.06940600817215595,-0.010735878455678556,0.2991898106812549,,15
-0.12597620855703434,-0.09068390451684093,0.19554525533247913,-0.03855611578446972,0.009566648524814926,0.2770122988339747,-0.10144483018416849,-0.0689445039680997,0.22212300091090018,0.06940600817215595,-0.010735878455678556,0.2991898106812549,,15
-0.1254786211440921,-0.08802992770928282,0.19653389960223303,-0.03955965115760435,0.01303480453675571,0.2880281223841517,-0.10438875481660116,-0.06795943122390194,0.2297936568636445,0.0677142758609456,-0.007736024695426072,0.28828896689182987,,15
-0.1244584760946423,-0.08542787859389857,0.19702538869148514,-0.03623243579266468,0.014297172505247672,0.2715042371362679,-0.10165612465161877,-0.06496232166346118,0.2264529915417675,0.06944439771971199,-0.005966413729470023,0.2925719938165868,,15
-0.12279546678925499,-0.08276013400821663,0.19658293851231265,-0.036956351800432,0.017005561954949417,0.2831182981233029,-0.10339695812428382,-0.06398464048666982,0.23282180215974466,0.06991154732662702,-0.0042968707555761645,0.28956893664229444,,15
-0.12230279969164422,-0.07408441485413116,0.21278193673378917,-0.03137537145933531,0.02838810880240496,0.2836189991738436,-0.10090599524251036,-0.05416247532970311,0.24554734263681308,0.07600221234176514,0.005911523459802098,0.28901346266665234,,15
-0.12356285276615024,-0.07335550979924042,0.2166226513795506,-0.03142261301755177,0.030751315146282307,0.2924016150536987,-0.10444588752679801,-0.05434436662797192,0.2571314867260152,0.07499834368732193,0.007150567237132069,0.28141065705095225,,15
-0.12417745876939301,-0.07216596545895376,0.22041242407225178,-0.029270321105281646,0.031140863158808475,0.28097620474077456,-0.10184135341417848,-0.05126954416089982,0.2520049272495064,0.07650679515431821,0.008544107172026085,0.28354756786848756,,15
-0.12417745876939301,-0.07216596545895376,0.22041242407225178,-0.029270321105281646,0.031140863158808475,0.28097620474077456,-0.10184135341417848,-0.05126954416089982,0.2520049272495064,0.07650679515431821,0.008544107172026085,0.28354756786848756,,15
-0.12230825442285102,-0.06965814985533174,0.21975147416308807,-0.02808553881715399,0.033231622308060454,0.27976776620874927,-0.09925381952860834,-0.04893765101355586,0.2491887753890898,0.07708306839041666,0.010235135158213806,0.28193688517408455,,15
-0.12168725970150426,-0.06565096037903062,0.22347159249820558,-0.026777180639539693,0.03713106114853569,0.278438822871792,-0.09925461459133475,-0.04505624099730751,0.2539933901788477,0.07886518996414725,0.014130468758118601,0.2812301132574056,,15
-0.12367130966962249,-0.06464395032471827,0.22822295138787968,-0.02675033374676503,0.039100184593094015,0.2801381756450884,-0.10220974104093222,-0.04432113177427032,0.2623255946971292,0.07952914170392739,0.015490950338622803,0.28294358049338586,,15
-0.12389835741259929,-0.06290911086179385,0.22908998166929903,-0.026419571727435445,0.04055748269858704,0.277895828909432,-0.1005135190475354,-0.04137206950858441,0.2578517565956669,0.07965229765664006,0.016667490079241405,0.282719993072671,,15
-0.12674013716053342,-0.061712591202916764,0.2341689875550953,-0.0257637844020058,0.0417954375312854,0.2727110036384494,-0.0996589675963909,-0.03897336235200505,0.25552947913540924,0.07805660924104013,0.017822867376444104,0.27633967585262387,,15
-0.1249456389741204,-0.05673366785137891,0.23090174504351502,-0.026562057283915363,0.04692091667963943,0.27642160954645295,-0.10116305116723606,-0.03528142981231955,0.2586119593983438,0.0788351968277547,0.022190810428636732,0.2797477783373554,,15
-0.12326678849530162,-0.05411706484601972,0.22646912489443352,-0.027158450470544958,0.048122573068905786,0.27522296784233835,-0.09973721888539742,-0.03278505294833601,0.2536638624878014,0.07906280892172247,0.02387218433318234,0.28317840156936847,,15
-0.12382898434818987,-0.052782325756817974,0.2254043163404624,-0.027477761343763656,0.04818932590270608,0.26853329512761837,-0.10014520936339341,-0.03150698036572625,0.251245704394194,0.07823524770240599,0.02478330462351745,0.28377687661558415,,15
-0.12133332559156304,-0.050051342387233445,0.21713207261308032,-0.028465993375724842,0.048615266452486955,0.2645358663424731,-0.10079754361445357,-0.030447899948114185,0.24861200667300748,0.0757424678328055,0.02543978494136721,0.2795216824245185,,15
-0.12133332559156304,-0.050051342387233445,0.21713207261308032,-0.028465993375724842,0.048615266452486955,0.2645358663424731,-0.10079754361445357,-0.030447899948114185,0.24861200667300748,0.0757424678328055,0.02543978494136721,0.2795216824245185,,15
-0.12316490048170123,-0.047821806884741774,0.2125472468582498,-0.03241298836626773,0.052107531554736755,0.2712472763658405,-0.10233287061135155,-0.027970783320980172,0.24273313202079633,0.0741145069083012,0.02762843577596423,0.28490080823291747,,15
-0.12770334015451537,-0.04706508287529054,0.2130443889118696,-0.03402672716752534,0.05303312933114165,0.2651789005629086,-0.1048452748713403,-0.026130502968940404,0.24030655114056187,0.07072827167353057,0.029051930141017587,0.2821221919251455,,15
-0.12974024875456242,-0.0461080010209803,0.21440267818256176,-0.0345917770022143,0.054478223600227714,0.2644312380551835,-0.1063321532614643,-0.025177983123804874,0.24094311197387672,0.0691789906899346,0.02982200629877107,0.2783869303011481,,15
-0.12950596836123296,-0.04488919026905123,0.2125521088091609,-0.035395367410052406,0.0560580556305172,0.26614524003938445,-0.10679876124754634,-0.023988873082491882,0.2409964010819038,0.06831934911994071,0.030923643396920428,0.275702941127338,,15
-0.12961624656774445,-0.044013255863433846,0.21235329779403184,-0.03502970675414336,0.05666788608891435,0.26224857728151607,-0.10648605255939568,-0.02283339606724593,0.23906439189777431,0.06926310342018481,0.032885700118712585,0.28006092343466404,,15
-0.12849272015376884,-0.04214284815975738,0.2099886427302265,-0.034449920365903566,0.056821445561529814,0.25609961523054664,-0.10576733140452811,-0.021470313351203224,0.23717054081822095,0.06932032251608959,0.034160385343150336,0.2794807615224904,,15
-0.12897991077710638,-0.040931172019385995,0.21073906944021706,-0.03379196757364872,0.057502391086376815,0.2519612842707179,-0.10668249004589957,-0.020017451172821957,0.23900083985985457,0.06742952255044535,0.03468739416040945,0.2712959140868533,,15
-0.12690432404374083,-0.03863590350347225,0.2071822462216202,-0.03407001943257179,0.059473478474360165,0.2532016917524063,-0.10829867545798287,-0.018851579220684478,0.24197970855279224,0.0694384624644378,0.03692830519889125,0.27897403013917693,,15
-0.12690432404374083,-0.03863590350347225,0.2071822462216202,-0.03407001943257179,0.059473478474360165,0.2532016917524063,-0.10829867545798287,-0.018851579220684478,0.24197970855279224,0.0694384624644378,0.03692830519889125,0.27897403013917693,,15
-0.1291168214702186,-0.038410247792551394,0.21025986474240854,-0.034398694766872545,0.06135624613089224,0.2558259914374268,-0.10783954832213397,-0.017468708636807884,0.2404692573090374,0.06973274209930343,0.038006988220975216,0.2794272071359647,,15
-0.1268736040801948,-0.03613170903489625,0.20538257982023267,-0.03511478290284459,0.06301552366279467,0.2592819880405084,-0.10670379327221098,-0.016036531237059882,0.23671585927685934,0.06826274996847133,0.038017999316468855,0.27438329979262893,,15
-0.12974726538066314,-0.036216707518221015,0.20956006406749972,-0.035628241486649205,0.06421272233419964,0.2606980082991162,-0.10637663019581259,-0.015182938737968615,0.23514381431009426,0.06844608947394451,0.03884226791643931,0.2753890922487465,,15
-0.12982191949160318,-0.03526545316509983,0.20836045584014776,-0.034143850089644,0.06249722173952438,0.24922153284922674,-0.10674479257139788,-0.014330270814340764,0.23453381400889917,0.06865213445891799,0.039582666407409706,0.2761073075958563,,15
-0.12832508390409877,-0.03263795715644131,0.20399949394649344,-0.03509750968519446,0.06504272271471159,0.2522299457030251,-0.1067725257417781,-0.012361953531808783,0.23200415441304387,0.0677307869006734,0.040388652351308216,0.27320065519969927,,15
-0.13023210030599852,-0.032456742159974926,0.20640969766748332,-0.0347450561380615,0.06543651974615812,0.2515015758551921,-0.10824345865035792,-0.011878394316507567,0.23450764627309423,0.06858312819466485,0.04107444231394137,0.2756230223945852,,15
-0.12764500168465845,-0.030941719766648307,0.20214726896020882,-0.034577417021153634,0.06638938773705551,0.2528847130265851,-0.10488424060464382,-0.010922167483426816,0.22727125693468045,0.06873534930177629,0.04121296172143563,0.2739170197595837,,15
-0.1279917338013289,-0.03123579724453038,0.2039583276107417,-0.03304651376388531,0.06488789070273682,0.24789214775779855,-0.10363654208007594,-0.01081057082503401,0.2266403992758482,0.06846201556078037,0.04023595803012377,0.26880733541570395,,15
-0.12470622449686891,-0.030482914572184532,0.2009256159086142,-0.03250538631235383,0.06696697100478796,0.2531314866033742,-0.1062960927207856,-0.010749561724315048,0.23538386313943546,0.06818477926619271,0.03962780833669248,0.26090962018468067,,15
-0.1262119127604305,-0.03055711398214783,0.20715485221928237,-0.031565531472535616,0.06898199310287739,0.2580515563912889,-0.10282909244058987,-0.00988647772502649,0.23219295652553407,0.0702598478991044,0.04071854896685556,0.26279763037291365,,15
-0.1262119127604305,-0.03055711398214783,0.20715485221928237,-0.031565531472535616,0.06898199310287739,0.2580515563912889,-0.10282909244058987,-0.00988647772502649,0.23219295652553407,0.0702598478991044,0.04071854896685556,0.26279763037291365,,15
-0.12352928649512175,-0.029906912385762947,0.2063518789783874,-0.029572864183178064,0.06727433312548602,0.25223696672194135,-0.1016174192490667,-0.00980625227429315,0.23304952303468124,0.07371929390236841,0.04196068176026575,0.26886596202224705,,15
-0.12505435794419817,-0.031425730078860736,0.21204245070445207,-0.028636982567423367,0.06707432260576608,0.25562736794895263,-0.10261198150176862,-0.010708606596602258,0.23950120309989187,0.07485848671688626,0.040871879957024286,0.26848335076620994,,15
-0.10301960307030265,-0.05263401202702296,0.2688344627802103,0.007331448719967493,0.05105616516004338,0.272185024648408,-0.07409261133048949,-0.029893445106386966,0.28539214379203753,0.10364298144671008,0.02085491798974248,0.2303201338994846,,15
-0.10318783854174725,-0.05299101010878069,0.27653262798943923,0.009973616498739468,0.05087037434726111,0.2667174549520247,-0.07245639829504544,-0.02935352852367084,0.28918492682445646,0.10391895539316132,0.02053314105278043,0.2233720248327371,,15
-0.10376005737347908,-0.05224586133054062,0.2833094585881376,0.011855478844273569,0.05175781914487417,0.2646580681313327,-0.07053333109439394,-0.027773242248801802,0.2888807807903133,0.10484039727545048,0.021027867980172754,0.22006139520537696,,15
-0.09286685086535267,-0.04809670745160427,0.2919902582227073,0.023472016188208163,0.05478971844185919,0.26513874062935744,-0.060010575167910356,-0.024279001870266284,0.2958490521557573,0.11306355022995009,0.021169512418035562,0.206518669553307,,15
-0.09069880874471928,-0.04751743843848189,0.2920904767790318,0.024910083447158123,0.05475580931648551,0.2648583738060153,-0.058565045129275906,-0.024066572428611377,0.2973098322606838,0.11327804802823806,0.020873435029429052,0.20196333194228575,,15
-0.09047515149108043,-0.04818908538075988,0.2954797078015619,0.026125089117897776,0.0538949622208711,0.2630453573292537,-0.057547123215333194,-0.0245970723152547,0.2990077515405566,0.11304811305638758,0.01995552448132295,0.19906862282412735,,15
-0.09083772439305536,-0.04906540443209546,0.2994798287627383,0.026269199484865575,0.05283936168358053,0.258328930442172,-0.05722284479546666,-0.025057712946804377,0.3018614722884146,0.11075108729463791,0.018927529757439103,0.19246061808946505,,15
-0.08863989980870102,-0.04789415936049938,0.29569775900055967,0.02785142537883291,0.053822665878160626,0.26224414473266267,-0.05524885261419754,-0.02423675524304941,0.29723282326856987,0.11266423195609594,0.019161725233176413,0.19291959032096864,,15
-0.086095960940549,-0.04796322856304132,0.2968463525356542,0.029284027650184275,0.052720228855354455,0.2541625557775413,-0.054187625059867586,-0.024674916223372617,0.30383194961701454,0.11206470088198808,0.018743918804987512,0.18622017769510857,,15
-0.08664879707727315,-0.04820457651356558,0.30246263116471317,0.03070618675223381,0.0538300090132075,0.25652780344337095,-0.05186673292767872,-0.023649535158735413,0.2973826739699563,0.11259507308865623,0.019157444155094454,0.1844751500191055,,15
-0.08664879707727315,-0.04820457651356558,0.30246263116471317,0.03070618675223381,0.0538300090132075,0.25652780344337095,-0.05186673292767872,-0.023649535158735413,0.2973826739699563,0.11259507308865623,0.019157444155094454,0.1844751500191055,,15
-0.08577597517554146,-0.04758283297946461,0.3018815246151994,0.03130287659042436,0.054092491533406784,0.2567075112974239,-0.052367977384569386,-0.0237815660618016,0.3032931840483139,0.11364618606097028,0.01919131772847192,0.18428018006703376,,15
-0.08468532683686188,-0.04717198469870603,0.2994336797905784,0.031843771028858714,0.054257162124395096,0.2564176897587669,-0.05176713438234621,-0.023472660658748992,0.3015786875976453,0.11317072946764369,0.019002016135908913,0.18212275939341033,,15
-0.08437107882779672,-0.046384150336913246,0.29932246524263084,0.0320055118134264,0.054272950339017,0.25296961712136146,-0.05144093356923692,-0.02314522957796227,0.3016636266232899,0.11367049933587134,0.019086128773007492,0.18141238095390982,,15
-0.08441110693097059,-0.045559699863089415,0.30058669627595386,0.03249872159713963,0.05541542709827078,0.2521486019377482,-0.051051188821315784,-0.021899802498364113,0.30127132632380377,0.11252838828998057,0.01940329966853603,0.1781685120810806,,15
-0.08915973656536375,-0.04670855614299305,0.3181318094349949,0.03267454143048114,0.05577638542421,0.2501380816817483,-0.05021244435598416,-0.020438828534920295,0.2984569698010272,0.11253292078363239,0.020002639781345068,0.17653102460634623,,15
-0.08428528022603779,-0.04360541376471678,0.3017142892059364,0.032428417951646485,0.05531642974587855,0.24485859359000886,-0.04991109968265943,-0.01972090747179216,0.29724747376229027,0.1117324154811977,0.02010088801634424,0.17416000212789304,,15
-0.08248014041599806,-0.04202005009385461,0.2959836594360893,0.03292972197819946,0.056431125347132426,0.245940465965167,-0.05025317273636554,-0.01916433246991396,0.3013985755741858,0.11325965098019924,0.02082395430771306,0.17517007873106621,,15
-0.08891079875159265,-0.04480639580586493,0.3202769422137911,0.033244682714457297,0.05715048633324317,0.24653888189906298,-0.04944292973727859,-0.018273825629477256,0.29751317709023767,0.11084881250203253,0.020736291481083507,0.17058685119340009,,15
-0.08257692912587022,-0.04066744088851702,0.2965157174936685,0.033386179490876425,0.05844412928477878,0.24686967041092323,-0.0496252048994604,-0.017454428374211874,0.2975546422669077,0.11266602515033974,0.021789017844107847,0.17258268479310643,,15
-0.08369794415508201,-0.03970781841014124,0.29590141845861123,0.032022463154067406,0.05984150262722037,0.24685048900324377,-0.050474200263222475,-0.016274853258435067,0.29486346216117415,0.11234813809934972,0.02305904719953195,0.1738540929349935,,15
-0.08369794415508201,-0.03970781841014124,0.29590141845861123,0.032022463154067406,0.05984150262722037,0.24685048900324377,-0.050474200263222475,-0.016274853258435067,0.29486346216117415,0.11234813809934972,0.02305904719953195,0.1738540929349935,,15
-0.08391656433292637,-0.03875966447068431,0.29103366867356517,0.030553667921071878,0.060242485622800886,0.2484379616606366,-0.05059638874491981,-0.015567399486748795,0.2864614936228669,0.11124781079797944,0.02346870886551342,0.17470301522916767,,15
-0.13194526609842058,-0.03860154949578731,0.17292554762609888,-0.055821375031280554,0.06650396608105205,0.24314760895862988,-0.11052592353439598,-0.017747906082867082,0.1948924016008427,0.05163186355610079,0.04625806138186863,0.26549450528021634,,15
-0.13513077285714883,-0.039184995855409986,0.17522506418412484,-0.05188383210001527,0.06116079292449996,0.22085359044694663,-0.11065787471607162,-0.01738996503442061,0.19308666858200232,0.05029124973818614,0.04757398506117499,0.26497784463603535,,15
-0.13605026165919834,-0.039317866094907006,0.17632648628122105,-0.05245101630103434,0.06163518592792092,0.21972346019769973,-0.11037205018143698,-0.01700522098034869,0.19193812193921803,0.04849021434403819,0.04766557642838036,0.2583105967638192,,15
-0.13519415927253992,-0.03890887485333292,0.17614471702701723,-0.05187322150254992,0.06123760148737728,0.2163972747511574,-0.10982412607296503,-0.01677326294846067,0.19140652061083546,0.04789378049428643,0.04849629447143454,0.25567507203506495,,15
-0.1333711572613315,-0.03881392930092836,0.17552637610053287,-0.05151322849494415,0.06146236197220702,0.2155737391974207,-0.10971106019269973,-0.016635047241931857,0.19298135552062096,0.048583252861117976,0.04990138150450984,0.2572359231711578,,15
-0.13432134801235068,-0.03921996999440786,0.17883705647981318,-0.0528909347566203,0.06371839617907812,0.22204500888648274,-0.11055550344960931,-0.01633966449138428,0.19685553944375628,0.048264426559079816,0.0503979632561885,0.2533719672397445,,15
-0.12989336276882604,-0.037525222402901154,0.17527581504881323,-0.05146320033199679,0.06348783091405721,0.21745653066804857,-0.10857623379469561,-0.0157843089305922,0.19486936861049023,0.04880760296613154,0.05200381366578988,0.2540597930038477,,15
-0.13031804890573098,-0.03791694392009028,0.17816807493450007,-0.051193411854754345,0.06355139128532956,0.21677557390181024,-0.10722533135784211,-0.015715497847229427,0.1948026392670636,0.048661175162407685,0.0528201608239535,0.2523643927196927,,15
-0.12678536612966046,-0.03711437790319872,0.1748255300488324,-0.051385355410703194,0.0638690453045474,0.21787511650659402,-0.10967763552142562,-0.016033962490501926,0.200680384692172,0.049324033662539915,0.05380712281609872,0.2545934037557812,,15
-0.12927514865131176,-0.03825279869086476,0.1800709696243822,-0.051812793265161534,0.06445660190927029,0.21965605056201382,-0.10972900562520897,-0.016221279541451458,0.2020834683180145,0.04947013491473894,0.05437872966958695,0.2544784513932722,,15
-0.12792930039536698,-0.038152249988278514,0.17898404520774755,-0.05087643478960495,0.06304926145785751,0.21430668286483853,-0.10894759969311618,-0.01660259050758716,0.20132805829687564,0.04913090118174942,0.054964977103221645,0.25412647600498356,,15
-0.12866357988683544,-0.038566856556672593,0.18009169263167063,-0.051850701835461345,0.06372790116274354,0.2153521539738697,-0.10956954795971234,-0.016685321787146705,0.20232151825429212,0.048241322442915166,0.055601910968965794,0.25349308556058314,,15
-0.13174617583679468,-0.04004959354805702,0.18334482061322324,-0.053217960389438164,0.06358907732240222,0.21594657140504217,-0.10943439443584523,-0.016992490115636544,0.20047301988420677,0.048220817020654484,0.05684504800114678,0.25970793241136075,,15
-0.11880630639355394,-0.05746803973748225,0.19531791169066348,-0.03975146535205416,0.04776059619736296,0.28058882707547816,-0.10188476825026814,-0.03833487923484564,0.23075627582082744,0.07141489104501073,0.027883016897656397,0.2863487530996122,,15
-0.12267763084502584,-0.0596328613356216,0.2035799823128201,-0.036550549674969304,0.04469136235059167,0.2651202139352033,-0.10175294962435064,-0.0384170811143546,0.2319175964771048,0.07028059069694648,0.026284516489934583,0.2795462122970684,,15
-0.12289429952508502,-0.05935212227918571,0.20343537799474354,-0.03619938321037803,0.04396027172478906,0.26167035117025195,-0.10266219663247858,-0.038416694297965466,0.23378334308376109,0.06972935724666789,0.0256490422497191,0.2786877942030184,,15
-0.12257047252890665,-0.05854274590178591,0.19627277333347917,-0.03791044162922807,0.0422036925325478,0.25447837914295474,-0.10338766409691005,-0.038760835581771104,0.2282215889946297,0.06921209224902994,0.025364407020097436,0.2892879208900709,,15
-0.1392510413099549,-0.059501929718042,0.1728732433791164,-0.061323602114102406,0.04519691940912271,0.2340596696352116,-0.11059868665701073,-0.03440844106642927,0.18399845867840045,0.04234373894601095,0.03788526597021706,0.2978468741139644,,15
-0.12068536353324529,-0.05201631170122499,0.2006081020895584,-0.03665737858239736,0.05145667320771076,0.26107758083897725,-0.10146789858707332,-0.03166927579800246,0.2305622457879355,0.06823409132801111,0.03281994798489993,0.27101692140992484,,15
-0.11960191939409766,-0.051053965534457554,0.20173916981553203,-0.03547147291559671,0.05202862413110783,0.2602731023030012,-0.10436843428002318,-0.03180197543837563,0.24064371121143588,0.06992545767875206,0.03321649464461961,0.2719457677399121,,15
-0.12295109399978368,-0.052464364257957224,0.20939961758300513,-0.03449236989555028,0.05190842153587798,0.25946947631277795,-0.10156789101857717,-0.030956887462194167,0.23648960802185992,0.07043872941760106,0.033172085605668686,0.2708682844645003,,15
-0.12225636114798656,-0.05219490421948372,0.20943891391934885,-0.034040835975316805,0.05199420877571218,0.25765937153206975,-0.10050294272012655,-0.030573875475503283,0.2353575664598012,0.07071288110549982,0.03346018848528831,0.2706599185068101,,15
-0.12186362866514908,-0.05193412709464479,0.20972670209485125,-0.03424290927898493,0.052355383345106116,0.2590813778169415,-0.10373688942267405,-0.03137275652520102,0.24331591250616946,0.07071607061802469,0.03350557433083986,0.2697185630734103,,15
-0.1220821886295825,-0.05196168822166035,0.21012509434260332,-0.034082640899534604,0.052577499008346004,0.25873720800471617,-0.10101758822546461,-0.030375815300827533,0.23717308175555457,0.07110905112562933,0.03418581900778938,0.2702171773119916,,15
-0.1228591545191029,-0.05139094247547682,0.21181305753089488,-0.03377668427106778,0.05350445335637835,0.2575982660383747,-0.10291163168041967,-0.02990491483897183,0.2420979027022305,0.07199756863894662,0.035268872104235315,0.27258903427554537,,15
-0.12360654069773624,-0.0509103541533312,0.21304852743805175,-0.03391142796865637,0.05466517628979412,0.25672755084798415,-0.10263890984485749,-0.028941931452637005,0.24099004974158966,0.07191214600136892,0.036140777458407415,0.27277695374328176,,15
-0.12405048007994729,-0.04927076135379567,0.21295111918583176,-0.03333334689425958,0.054888159655005604,0.24995626202336052,-0.10412693468499679,-0.027493412289897583,0.24309546113005426,0.07003229979670388,0.03693459486135146,0.2669221487634477,,15
-0.12295757764618487,-0.046882010335417196,0.21034955773037653,-0.03424572842306893,0.05672044477891725,0.2529730708051829,-0.10255522357268625,-0.025730822030015674,0.23842799901865386,0.0703322023277941,0.03844737843667227,0.26914494248031473,,15
-0.12240995791426271,-0.04590984485971758,0.20850066325960914,-0.034649110746085975,0.057138184788098595,0.2505343224883447,-0.10358061498531745,-0.024992215641495025,0.23917188263814693,0.06953671004700226,0.03918327406355517,0.2674863380464073,,15
-0.1265137181566981,-0.046611719031603355,0.2145758395886789,-0.034407328195620736,0.0573520597784962,0.24550468398733383,-0.10343246159132292,-0.0240822894882323,0.23760408122170776,0.06886826623045482,0.040054196364352514,0.26629995631519005,,15
-0.12131610761482121,-0.043675789753838255,0.2044772720145953,-0.03466309880189089,0.057294165495136114,0.2412835894133207,-0.10399017917334936,-0.02308368849696078,0.23748427811602807,0.06915854823444313,0.04166641672932572,0.269430044151598,,15
-0.1228369785169697,-0.043845120468736204,0.20550151782918127,-0.03658897874941282,0.0600378464684707,0.25051914645397966,-0.10338725826711302,-0.02246229008029459,0.2339265001654946,0.06894441385837745,0.042629137945283536,0.27130911590714846,,15
-0.12136481607872505,-0.04280041295367891,0.20139789050987056,-0.037136219950872025,0.0601739008861142,0.24885996277652356,-0.10315127900431527,-0.02199473547858119,0.23158770899574516,0.06765797537043085,0.04286807859391988,0.26960708050837573,,15
-0.12440041299092565,-0.04363783030239277,0.20500140478879592,-0.03784754277977354,0.06044671271127551,0.24930398254236763,-0.10375936596286059,-0.02167892069355851,0.230816098481182,0.06647788614350297,0.0427143709077658,0.2664022469943222,,15
-0.12428563991827662,-0.04364685848682165,0.20386805342306236,-0.038445965731089694,0.05995478014305398,0.2486510035800731,-0.10615948448321029,-0.022776739194583128,0.23498465727059956,0.06566519006566299,0.04234516807727562,0.26568117842763544,,15
-0.12486127339984708,-0.044635552487973115,0.20348481438529697,-0.03856974636771823,0.05863057126037486,0.2460857069680559,-0.10445360718913,-0.023074259611572816,0.23008081133303088,0.06566813737753302,0.04231645378714028,0.26796063415218957,,15
-0.12379488820498481,-0.044617940779008984,0.20037217095848592,-0.03861097597901731,0.05774671913359491,0.2438018720744551,-0.10545548698853716,-0.023659254186505066,0.23060498856072517,0.06410720896221889,0.041302415026341514,0.26349335644768657,,15
-0.12379488820498481,-0.044617940779008984,0.20037217095848592,-0.03861097597901731,0.05774671913359491,0.2438018720744551,-0.10545548698853716,-0.023659254186505066,0.23060498856072517,0.06410720896221889,0.041302415026341514,0.26349335644768657,,15
-0.12696498049677674,-0.04696049808666634,0.20378699537702374,-0.03991209209911347,0.05779748777982325,0.250451556215713,-0.10521373137021214,-0.024820970044496533,0.2287399953101822,0.0643644740171329,0.04031423200344771,0.2670678219070788,,15
-0.1242975792559332,-0.04668121738227207,0.19941331829014516,-0.039582984553008765,0.05714559701012434,0.2498741014086551,-0.10354508080601363,-0.025213066952700824,0.22486847858054068,0.06549305613958588,0.04029101710907385,0.2708441306400321,,15
-0.1232820431455373,-0.04630623738571072,0.19786302729849187,-0.03927952768353011,0.056682511459783556,0.24977380020985526,-0.10457351797155737,-0.02565748028324014,0.22777028875966016,0.06487343313123517,0.03917089245264821,0.267343865517359,,15
-0.12344577272418547,-0.04706523361424271,0.19831791510082963,-0.03860937785974075,0.05564204873297997,0.24742692621109016,-0.10550940719847005,-0.02632240592028298,0.23011818187516353,0.06646556087733435,0.039449438909278906,0.27338304685638093,,15
-0.12308265518056202,-0.04708255666865534,0.19792723888094155,-0.0382324643921335,0.05424840405045567,0.24574397916457405,-0.1041003814869786,-0.026580479030360458,0.22769619906394906,0.06561265216323763,0.03778391952547371,0.2686745690100723,,15
-0.12388569965051681,-0.04849854504443886,0.19947450737278324,-0.03936741057366333,0.05491740438009054,0.25404779845306424,-0.1037236008213583,-0.027351808497848247,0.22678857719673767,0.06664173888107099,0.03734104455724213,0.2743535874493346,,15
-0.12456337424159286,-0.04895575276313929,0.19871246257921013,-0.03935995857026333,0.0540233310575966,0.25083589481608304,-0.10523319728405629,-0.028125537361148686,0.22842136010453287,0.06536391812186892,0.03647924218866216,0.27213330478773234,,15
-0.12432468445435693,-0.048274237652399514,0.1969194239684524,-0.039741564306245564,0.0539428675872727,0.24697003471387172,-0.10469392474891738,-0.02737158790191133,0.2252088608420565,0.06603335664462212,0.03821303930714047,0.2796066364794095,,15
-0.12313869388727534,-0.04697270800380233,0.19218398017166388,-0.041588963390569486,0.05463024099991566,0.24810605577909142,-0.10424908046093002,-0.026235931180731236,0.22057486231858223,0.0646110286585437,0.038882484835263874,0.27937231059378825,,15
-0.12313869388727534,-0.04697270800380233,0.19218398017166388,-0.041588963390569486,0.05463024099991566,0.24810605577909142,-0.10424908046093002,-0.026235931180731236,0.22057486231858223,0.0646110286585437,0.038882484835263874,0.27937231059378825,,15
-0.12612227159280087,-0.05878101521642144,0.1871179139697533,-0.03061812480995317,0.03212636024031126,0.2611954695791528,-0.10271732304940656,-0.04088190959206355,0.2162697569552676,0.07321643859115991,0.0010965365188173423,0.2673790384087304,,15
-0.1308503927493172,-0.06277592840256271,0.19598836730502092,-0.03041659132316977,0.03078312002904553,0.26276247354577276,-0.10422933449234274,-0.0428080256341371,0.22095174988778268,0.07531221136778646,-7.761611722792359e-05,0.2726758226013119,,15
-0.13018471387837519,-0.0640456266138494,0.1941791677013466,-0.031450011790079876,0.029601957216533,0.2691402646664924,-0.10369656522579365,-0.04488179699441784,0.2194937312035309,0.07538464748615555,-0.0018261469349320982,0.27351461057010507,,15
-0.12545444178444626,-0.06263422791490456,0.18580063367531593,-0.0324143490196864,0.028780347127397334,0.27206688972014587,-0.10163639231266419,-0.044919570312145975,0.21393277060299368,0.07421717078442354,-0.0028705936781936356,0.27218882558243174,,15
-0.12874027365299148,-0.0647201897781914,0.18918315382970277,-0.0313702753016318,0.0269314917754585,0.2609155596647275,-0.10298843003990985,-0.046104017284053694,0.21477672368572895,0.0734546864594867,-0.0038219591944902744,0.27025161750251464,,15
-0.12893383127778305,-0.06584881538679098,0.18797293171684712,-0.03185203344644504,0.025609742071982862,0.2626257376510823,-0.10334296742149648,-0.04714927863864102,0.21446461700305028,0.07335810481964555,-0.004951759167800908,0.2713394788618041,,15
-0.1305684427841248,-0.06779913661253874,0.19018681518968023,-0.03145680399718748,0.024192231027632065,0.2612132129771111,-0.1043223599493957,-0.04886162614108729,0.21604843211510755,0.0745945136648325,-0.006533510596467249,0.2747452874182088,,15
-0.1301400295071854,-0.06881910565173424,0.18962779395057475,-0.03110582234477245,0.02313194214202329,0.26317884255369633,-0.10448643788124358,-0.05019879127923741,0.21732873485669743,0.07525865243338578,-0.007376566082365465,0.2748732248900234,,15
-0.12623119025082463,-0.06801315202885183,0.18595962926406778,-0.029652180655045532,0.022597832867994303,0.26168620339710424,-0.10107792581050899,-0.04939724915084702,0.21246582227501082,0.07463944222167325,-0.008265883380553675,0.2678774931147928,,15
-0.12657027933788875,-0.06931918922069094,0.1891166295068156,-0.03012871036051776,0.023345160177715974,0.27977574708466446,-0.10084528628324736,-0.05060114751066341,0.21566769354910328,0.07467463367679285,-0.008490730687218073,0.2624351747278711,,15
-0.1239360462581041,-0.06923257119130356,0.18846605647588288,-0.027202450388215563,0.021642385145957482,0.26792643186639176,-0.09885816738274165,-0.05079365110193618,0.21547472454910163,0.07552615554011588,-0.009332871265130846,0.259097560439413,,15
-0.11917784970166066,-0.06925584448646796,0.19210646792624345,-0.022546829242266597,0.021177080742001267,0.26988137755657354,-0.09897990332671107,-0.05359385690005063,0.2291816296583838,0.07960335696989773,-0.01007039217743217,0.25431341912731076,,15
-0.12057510711047868,-0.0708701977005337,0.19755242088056202,-0.02099937871714375,0.02071508050285544,0.2707611299685935,-0.09758341107636243,-0.05389362378525066,0.22966873663526446,0.08190911907366566,-0.010704465649973809,0.2554596678225792,,15
-0.1188086452093735,-0.07097486035488634,0.1976062434386581,-0.019370276821916523,0.019820395927940302,0.26682043724948795,-0.09581948831370192,-0.053923049973286036,0.22927757328654236,0.08435650015394415,-0.011359965830553395,0.25837562737158576,,15
-0.1207369071589652,-0.07276126742070056,0.20389253696411902,-0.018303640021020997,0.020064939617682367,0.27493422843842863,-0.09544555010744732,-0.05479086246842491,0.23286709306730508,0.08418867513727367,-0.01188355182327456,0.2520666706120262,,15
-0.11788615658280716,-0.07201867940307934,0.2026732919710123,-0.016907157058728032,0.01974731038906422,0.274249221248613,-0.09328556033573543,-0.054428939369761516,0.2312019610682958,0.08534019955645347,-0.012348034722486917,0.251051457454309,,15
-0.11465339184371738,-0.08718251695370736,0.22446392057216405,-0.01635956755804038,0.012816886807209146,0.27437313865982266,-0.09082453564525113,-0.0674556690096218,0.2537035226264374,0.08800837232056692,-0.011450655173623077,0.2613289003495028,,15
-0.12211356618864659,-0.07478137211736115,0.2022226730258475,-0.028615107712828176,0.020053307983147167,0.27332037686658883,-0.10018326433596875,-0.05647491841353963,0.23406505776981,0.0783569557904208,-0.006974285960608392,0.2821927731546559,,15
-0.12413662658869408,-0.07430336713371886,0.2025047365978249,-0.029729967113213625,0.020642023242645375,0.2711984329906416,-0.10011340439338183,-0.055128067991312625,0.23015686680096167,0.07582250348092395,-0.00632002131282609,0.2793788480019771,,15
-0.12188113226803263,-0.07173425511592897,0.1954528352807504,-0.03107882266648779,0.0214521259512422,0.2744837639364361,-0.10051198491717075,-0.054161230261713315,0.22730834048311013,0.07592021237504663,-0.006150817284958569,0.28493880963434326,,15
-0.12298661271942926,-0.07144374709133146,0.19456497284061428,-0.03191269397630234,0.02165856326883558,0.27139995085237767,-0.10392720079579268,-0.054795404775259245,0.2317089458075349,0.07367197817987298,-0.005510526323808152,0.28056927905286666,,15
-0.12446990486629664,-0.07124501477569053,0.19531630839902184,-0.03285461381942513,0.022318413026788782,0.2705906157482393,-0.10261229360142111,-0.053349083865991485,0.2266098912923664,0.07412291602285873,-0.004507638602136929,0.2868095820088016,,15
-0.12461035689756189,-0.07058622915738813,0.19358971204897948,-0.03398561512694297,0.02296356709161575,0.2735787866620588,-0.1032205383936128,-0.05285339626797281,0.2261415497387163,0.07308490294072656,-0.004184140752757775,0.2859273073465527,,15
-0.12596257314217751,-0.07122066705742085,0.19441598715647912,-0.0349158876866059,0.023272913582550094,0.2773383584159739,-0.10334378177793711,-0.05283238559149517,0.22472275334856123,0.07291826096321635,-0.0040383904390769165,0.2874294509612741,,15
-0.12798089788804098,-0.07237613788921692,0.19679914259212083,-0.035049321758751736,0.022915636764968276,0.2756500953166819,-0.1019299825607355,-0.05217780888847224,0.22091502788390072,0.07280558855489395,-0.00411915430647558,0.28747636384040276,,15
-0.1277028073855414,-0.07213589333021242,0.19580913965641378,-0.03558620474251555,0.02328694917246407,0.277439980391193,-0.10213058799535994,-0.05207668433272576,0.22030423311643663,0.07214694381343087,-0.004034609292849048,0.2868797278703351,,15
-0.12590983027692249,-0.07098404810679895,0.19282582317588862,-0.03515285545079901,0.02324844507806841,0.2732865502438016,-0.10285401906203606,-0.052478680422040784,0.2216918199362885,0.0713270527903565,-0.0037686488697805144,0.28460941922356764,,15
-0.1252886395881813,-0.07063250568313793,0.19187275190624672,-0.036785641358697246,0.023856505258485233,0.28198872604683906,-0.10377462678101856,-0.0526789434938282,0.22323354869034365,0.07135991529687545,-0.0035345297260040956,0.2856798088800107,,15
-0.1285454653181636,-0.07270760949238188,0.195917244036549,-0.03602862837411405,0.0225807592618837,0.26984675228390426,-0.10404905328264567,-0.05311227050123821,0.22262979235834265,0.07127319875461521,-0.0034873760811185324,0.2880521741045048,,15
-0.12744593336620716,-0.07232285235267508,0.19260069695992313,-0.038076450696586224,0.02266160767654579,0.2767916068048665,-0.10452428803639781,-0.05344873435852479,0.2216311965882941,0.0692593501491803,-0.0035280377664938484,0.2842486071838123,,15
-0.12633105812974324,-0.07167334829154609,0.188420861574439,-0.03829400314634202,0.02189786075735426,0.2689360745290529,-0.10412481358279957,-0.05323673916662676,0.21760345577332657,0.0680619937823745,-0.0037702150904538514,0.2854473553780659,,15
-0.127940289745558,-0.07279984040017047,0.18842502238195405,-0.041019558445024605,0.022101007957854735,0.27459954787250973,-0.1064499779548364,-0.054309395641870914,0.2194771828466351,0.06612940241051009,-0.003619885727602391,0.2856772598735781,,15
-0.13070278505236574,-0.07420360706236562,0.18923834441112175,-0.04163901143340458,0.021057862872470738,0.2667075969220801,-0.10738186608721478,-0.05483610689948212,0.217194471420698,0.06431438998733525,-0.0034669130161629294,0.2860120101071249,,15
-0.1319939956484771,-0.07546046926338182,0.18839584877158386,-0.04301785322010149,0.020246324342205597,0.26444722646131197,-0.10748694236429143,-0.055273160925813594,0.21390567748163933,0.06271416149692843,-0.0031382598220413087,0.2860436061747328,,15
-0.1356404867962236,-0.07830215923020645,0.19119022639266886,-0.044986450001529295,0.02046250643968043,0.2654019325737589,-0.10632942029685483,-0.05498656073425398,0.20885071978251293,0.06219200458009192,-0.0027591756830795625,0.2919449814347159,,15
-0.13927759543260748,-0.0779202784961418,0.19323707705506404,-0.05240273396862829,0.024931891435150566,0.28686574173706847,-0.10825610342305307,-0.05329587669548161,0.20784853052435093,0.05968341743071076,0.0006514129550694346,0.2961193961194512,,15
-0.13663000896907493,-0.07569117030986261,0.18756990463786583,-0.05225817993928808,0.023675871135253476,0.2791199087943221,-0.11074708452769352,-0.05397937171474318,0.20999153438351922,0.05765138936595168,0.0004816192447137997,0.2924815852960274,,15
-0.14915812266031142,-0.08970124714099525,0.19352321487263652,-0.058391876761072874,0.020224157030430852,0.2722006534843973,-0.10867828973008399,-0.057601885698771504,0.19316679431301093,0.05156173480366106,0.00250482752794039,0.29613874547099184,,15
-0.14801532405494733,-0.08954319926704395,0.1934320296307629,-0.05490014300175157,0.019412794445349248,0.2613086494271265,-0.10834162380811152,-0.0575247453193745,0.19476431819487025,0.05268153096588013,0.0022639044541535834,0.29552255976583736,,15
-0.1444347260772509,-0.08784222388269743,0.19026007821750907,-0.053834603515643335,0.019805056576952387,0.2618839824520733,-0.10814417176479331,-0.05810605282955547,0.19620373674833722,0.05301353351972303,0.0022825393599738685,0.28956808035492587,,15
-0.14134053386533765,-0.08600879418716847,0.1875299027019004,-0.05331188974433711,0.02026386733796561,0.2646882673793551,-0.10777461125935035,-0.05762181230884407,0.1971345803211982,0.05306562799577598,0.0026262385939593265,0.2837216043163838,,15
-0.14003751081250115,-0.08474611252738772,0.18727941868771983,-0.05126058406311913,0.020770375725162056,0.2614088984932984,-0.10608001961769352,-0.05666316741805029,0.19664648644936675,0.05489297479539554,0.0028922938587617937,0.2866187673754914,,15
-0.13845789387560234,-0.08356316900267655,0.18695386470054404,-0.04990426348337834,0.021238946200247757,0.2611810034296556,-0.10514395880857746,-0.05588313003698457,0.19681596517955036,0.05594595303642497,0.003097662701980322,0.28546651032617504,,15
-0.13776061720460178,-0.08300081475329897,0.18769393429628523,-0.04816406615793699,0.02183628726080479,0.2603193802169097,-0.1061223760198606,-0.056270898695837436,0.20101367180909577,0.05872798921562157,0.003266135197333007,0.2921474465802024,,15
-0.13274154977628327,-0.07989344768398192,0.18326391105079728,-0.04706492737324647,0.02236503903590428,0.26260295245874493,-0.10526746089697393,-0.056102571579705586,0.2024730830663162,0.05928895198258423,0.0035032972881625132,0.28560562347026636,,15
-0.13274154977628327,-0.07989344768398192,0.18326391105079728,-0.04706492737324647,0.02236503903590428,0.26260295245874493,-0.10526746089697393,-0.056102571579705586,0.2024730830663162,0.05928895198258423,0.0035032972881625132,0.28560562347026636,,15
