<annotation>
  <folder></folder>
  <filename>image35.png</filename>
  <source>
    <database>Unknown</database>
    <annotation>Unknown</annotation>
    <image>Unknown</image>
  </source>
  <size>
    <width>1280</width>
    <height>720</height>
    <depth></depth>
  </size>
  <segmented>0</segmented>
  <object>
    <name>carmSCREEN</name>
    <truncated>0</truncated>
    <occluded>0</occluded>
    <difficult>0</difficult>
    <bndbox>
      <xmin>492.95</xmin>
      <ymin>401.62</ymin>
      <xmax>534.52</xmax>
      <ymax>521.9</ymax>
    </bndbox>
    <attributes>
      <attribute>
        <name>rotation</name>
        <value>0.0</value>
      </attribute>
    </attributes>
  </object>
  <object>
    <name>carmUP</name>
    <truncated>0</truncated>
    <occluded>0</occluded>
    <difficult>0</difficult>
    <bndbox>
      <xmin>530.07</xmin>
      <ymin>74.79</ymin>
      <xmax>841.9</xmax>
      <ymax>386.78</ymax>
    </bndbox>
    <attributes>
      <attribute>
        <name>rotation</name>
        <value>0.0</value>
      </attribute>
    </attributes>
  </object>
</annotation>
