<annotation>
  <folder></folder>
  <filename>image62.png</filename>
  <source>
    <database>Unknown</database>
    <annotation>Unknown</annotation>
    <image>Unknown</image>
  </source>
  <size>
    <width>1280</width>
    <height>720</height>
    <depth></depth>
  </size>
  <segmented>0</segmented>
  <object>
    <name>carmSCREEN</name>
    <truncated>0</truncated>
    <occluded>0</occluded>
    <difficult>0</difficult>
    <bndbox>
      <xmin>74.73</xmin>
      <ymin>201.79</ymin>
      <xmax>561.46</xmax>
      <ymax>577.61</ymax>
    </bndbox>
    <attributes>
      <attribute>
        <name>rotation</name>
        <value>0.0</value>
      </attribute>
    </attributes>
  </object>
  <object>
    <name>carmUP</name>
    <truncated>0</truncated>
    <occluded>0</occluded>
    <difficult>0</difficult>
    <bndbox>
      <xmin>892.3</xmin>
      <ymin>354.32</ymin>
      <xmax>1210.8</xmax>
      <ymax>592.19</ymax>
    </bndbox>
    <attributes>
      <attribute>
        <name>rotation</name>
        <value>0.0</value>
      </attribute>
    </attributes>
  </object>
</annotation>
