<annotation>
  <folder></folder>
  <filename>image82.png</filename>
  <source>
    <database>Unknown</database>
    <annotation>Unknown</annotation>
    <image>Unknown</image>
  </source>
  <size>
    <width>1280</width>
    <height>720</height>
    <depth></depth>
  </size>
  <segmented>0</segmented>
  <object>
    <name>carmBACK</name>
    <truncated>0</truncated>
    <occluded>0</occluded>
    <difficult>0</difficult>
    <bndbox>
      <xmin>449.88</xmin>
      <ymin>627.18</ymin>
      <xmax>550.86</xmax>
      <ymax>674.85</ymax>
    </bndbox>
    <attributes>
      <attribute>
        <name>rotation</name>
        <value>0.0</value>
      </attribute>
    </attributes>
  </object>
  <object>
    <name>carmLOCK</name>
    <truncated>0</truncated>
    <occluded>0</occluded>
    <difficult>0</difficult>
    <bndbox>
      <xmin>895.36</xmin>
      <ymin>453.45</ymin>
      <xmax>966.64</xmax>
      <ymax>521.9</ymax>
    </bndbox>
    <attributes>
      <attribute>
        <name>rotation</name>
        <value>0.0</value>
      </attribute>
    </attributes>
  </object>
  <object>
    <name>carmSCREEN</name>
    <truncated>0</truncated>
    <occluded>0</occluded>
    <difficult>0</difficult>
    <bndbox>
      <xmin>509.28</xmin>
      <ymin>56.97</ymin>
      <xmax>657.77</xmax>
      <ymax>265.01</ymax>
    </bndbox>
    <attributes>
      <attribute>
        <name>rotation</name>
        <value>0.0</value>
      </attribute>
    </attributes>
  </object>
</annotation>
